s_id,lon,lat,alt,alt_dem,year,day,date,phase_id,macro_etapa,license_short,clima_temp_media,clima_temp_max_media,clima_temp_min_media,clima_precip_acumulada,clima_radiacion_media,clima_humedad_media,clima_gdd_acumulado,clima_ventana_dias_disponibles
7230,2.355,41.638,195,189,1952,151,1952-05-30,60,Floración,CC BY-NC 4.0,,,,,,,,
7230,2.355,41.638,195,189,1953,110,1953-04-20,11,Brotación / desarrollo foliar,CC BY-NC 4.0,,,,,,,,
7230,2.355,41.638,195,189,1953,156,1953-06-05,60,Floración,CC BY-NC 4.0,,,,,,,,
7230,2.355,41.638,195,189,1954,104,1954-04-14,11,Brotación / desarrollo foliar,CC BY-NC 4.0,,,,,,,,
7230,2.355,41.638,195,189,1954,161,1954-06-10,60,Floración,CC BY-NC 4.0,,,,,,,,
7230,2.355,41.638,195,189,1955,96,1955-04-06,11,Brotación / desarrollo foliar,CC BY-NC 4.0,,,,,,,,
7230,2.355,41.638,195,189,1955,163,1955-06-12,60,Floración,CC BY-NC 4.0,,,,,,,,
7230,2.355,41.638,195,189,1956,113,1956-04-22,11,Brotación / desarrollo foliar,CC BY-NC 4.0,,,,,,,,
7230,2.355,41.638,195,189,1956,162,1956-06-10,60,Floración,CC BY-NC 4.0,,,,,,,,
7230,2.355,41.638,195,189,1957,167,1957-06-16,60,Floración,CC BY-NC 4.0,,,,,,,,
7230,2.355,41.638,195,189,1958,156,1958-06-05,60,Floración,CC BY-NC 4.0,,,,,,,,
7230,2.355,41.638,195,189,1959,146,1959-05-26,60,Floración,CC BY-NC 4.0,,,,,,,,
7230,2.355,41.638,195,189,1960,157,1960-06-05,60,Floración,CC BY-NC 4.0,,,,,,,,
7230,2.355,41.638,195,189,1961,145,1961-05-25,60,Floración,CC BY-NC 4.0,,,,,,,,
7230,2.355,41.638,195,189,1962,164,1962-06-13,60,Floración,CC BY-NC 4.0,,,,,,,,
7230,2.355,41.638,195,189,1963,157,1963-06-06,60,Floración,CC BY-NC 4.0,,,,,,,,
7230,2.355,41.638,195,189,1964,154,1964-06-02,60,Floración,CC BY-NC 4.0,,,,,,,,
7230,2.355,41.638,195,189,1965,129,1965-05-09,60,Floración,CC BY-NC 4.0,,,,,,,,
7230,2.355,41.638,195,189,1966,155,1966-06-04,60,Floración,CC BY-NC 4.0,,,,,,,,
7230,2.355,41.638,195,189,1967,164,1967-06-13,60,Floración,CC BY-NC 4.0,,,,,,,,
7230,2.355,41.638,195,189,1968,161,1968-06-09,60,Floración,CC BY-NC 4.0,,,,,,,,
7230,2.355,41.638,195,189,1969,114,1969-04-24,11,Brotación / desarrollo foliar,CC BY-NC 4.0,,,,,,,,
7230,2.355,41.638,195,189,1969,156,1969-06-05,60,Floración,CC BY-NC 4.0,,,,,,,,
7230,2.355,41.638,195,189,1970,158,1970-06-07,60,Floración,CC BY-NC 4.0,,,,,,,,
7230,2.355,41.638,195,189,1972,113,1972-04-22,11,Brotación / desarrollo foliar,CC BY-NC 4.0,,,,,,,,
7230,2.355,41.638,195,189,1972,163,1972-06-11,60,Floración,CC BY-NC 4.0,,,,,,,,
7230,2.355,41.638,195,189,1973,123,1973-05-03,11,Brotación / desarrollo foliar,CC BY-NC 4.0,,,,,,,,
7230,2.355,41.638,195,189,1973,174,1973-06-23,60,Floración,CC BY-NC 4.0,,,,,,,,
7230,2.355,41.638,195,189,1974,114,1974-04-24,11,Brotación / desarrollo foliar,CC BY-NC 4.0,,,,,,,,
7230,2.355,41.638,195,189,1974,174,1974-06-23,60,Floración,CC BY-NC 4.0,,,,,,,,
7230,2.355,41.638,195,189,1974,277,1974-10-04,81,Envero / maduración,CC BY-NC 4.0,,,,,,,,
7230,2.355,41.638,195,189,1975,165,1975-06-14,60,Floración,CC BY-NC 4.0,,,,,,,,
7230,2.355,41.638,195,189,1975,269,1975-09-26,81,Envero / maduración,CC BY-NC 4.0,,,,,,,,
7230,2.355,41.638,195,189,1976,163,1976-06-11,60,Floración,CC BY-NC 4.0,,,,,,,,
7230,2.355,41.638,195,189,1976,276,1976-10-02,81,Envero / maduración,CC BY-NC 4.0,,,,,,,,
7230,2.355,41.638,195,189,1977,164,1977-06-13,60,Floración,CC BY-NC 4.0,,,,,,,,
7230,2.355,41.638,195,189,1980,107,1980-04-16,11,Brotación / desarrollo foliar,CC BY-NC 4.0,,,,,,,,
7230,2.355,41.638,195,189,1980,135,1980-05-14,60,Floración,CC BY-NC 4.0,,,,,,,,
7230,2.355,41.638,195,189,1980,273,1980-09-29,81,Envero / maduración,CC BY-NC 4.0,,,,,,,,
7230,2.355,41.638,195,189,1981,111,1981-04-21,11,Brotación / desarrollo foliar,CC BY-NC 4.0,13.885,17.026,11.280000000000001,46.58,,81.00800000000001,116.55000000000003,30.0
7230,2.355,41.638,195,189,1981,158,1981-06-07,60,Floración,CC BY-NC 4.0,17.110000000000003,20.684000000000005,13.785666666666666,36.62,,74.725,213.30000000000004,30.0
7230,2.355,41.638,195,189,1981,269,1981-09-26,81,Envero / maduración,CC BY-NC 4.0,22.377,25.32566666666667,19.830333333333336,47.02,,74.05199999999999,371.30999999999995,30.0
7230,2.355,41.638,195,189,1982,116,1982-04-26,11,Brotación / desarrollo foliar,CC BY-NC 4.0,12.494666666666665,15.708999999999998,9.484,54.73,,77.03566666666667,77.09,30.0
7230,2.355,41.638,195,189,1982,164,1982-06-13,60,Floración,CC BY-NC 4.0,18.825333333333337,21.788,16.083,41.10999999999999,,77.50533333333333,264.76,30.0
7230,2.355,41.638,195,189,1982,274,1982-10-01,81,Envero / maduración,CC BY-NC 4.0,21.380333333333333,24.629333333333324,18.721333333333337,20.349999999999998,,72.70633333333333,341.40999999999997,30.0
7230,2.355,41.638,195,189,1983,113,1983-04-23,11,Brotación / desarrollo foliar,CC BY-NC 4.0,12.296999999999997,16.112666666666666,8.880666666666666,18.950000000000003,,70.962,69.65,30.0
7230,2.355,41.638,195,189,1983,160,1983-06-09,60,Floración,CC BY-NC 4.0,17.468,21.069333333333336,14.03666666666667,15.110000000000001,,72.33666666666666,224.04000000000005,30.0
7230,2.355,41.638,195,189,1983,266,1983-09-23,81,Envero / maduración,CC BY-NC 4.0,21.85733333333334,25.228,19.098000000000003,32.2,,74.11366666666666,355.7199999999999,30.0
7230,2.355,41.638,195,189,1984,119,1984-04-28,11,Brotación / desarrollo foliar,CC BY-NC 4.0,12.857,16.189333333333334,9.817333333333334,32.800000000000004,18.332666666666665,75.27366666666667,85.84999999999998,30.0
7230,2.355,41.638,195,189,1984,179,1984-06-27,60,Floración,CC BY-NC 4.0,18.037333333333333,21.19,15.003333333333332,32.45,22.02266666666667,75.41799999999999,241.12,30.0
7230,2.355,41.638,195,189,1984,267,1984-09-23,81,Envero / maduración,CC BY-NC 4.0,20.92933333333333,24.227,18.07166666666667,44.39,16.476999999999997,70.61666666666669,327.88,30.0
7230,2.355,41.638,195,189,1985,166,1985-06-15,60,Floración,CC BY-NC 4.0,18.16033333333333,21.18166666666667,15.344333333333331,39.760000000000005,21.13833333333333,77.38333333333331,244.81,30.0
7230,2.355,41.638,195,189,1985,264,1985-09-21,81,Envero / maduración,CC BY-NC 4.0,22.834666666666667,26.53,19.848,15.489999999999998,19.287333333333333,67.62466666666667,385.04,30.0
7230,2.355,41.638,195,189,1986,115,1986-04-25,11,Brotación / desarrollo foliar,CC BY-NC 4.0,11.449,14.849333333333334,8.346333333333332,71.97,15.752000000000002,76.42133333333335,51.72,30.0
7230,2.355,41.638,195,189,1986,164,1986-06-13,60,Floración,CC BY-NC 4.0,18.736666666666665,22.251,15.547,51.3,20.688333333333333,70.69499999999998,262.1,30.0
7230,2.355,41.638,195,189,1987,105,1987-04-15,11,Brotación / desarrollo foliar,CC BY-NC 4.0,11.687666666666663,15.147333333333334,8.870333333333333,42.27,15.166333333333334,75.03966666666665,56.56,30.0
7230,2.355,41.638,195,189,1987,163,1987-06-12,60,Floración,CC BY-NC 4.0,17.017333333333337,20.446333333333328,13.850666666666664,46.04,19.788,73.49,210.52,30.0
7230,2.355,41.638,195,189,1987,267,1987-09-24,81,Envero / maduración,CC BY-NC 4.0,23.933666666666664,27.503333333333337,20.931666666666665,17.15,17.564666666666668,69.62633333333335,418.0100000000001,30.0
7230,2.355,41.638,195,189,1988,102,1988-04-11,11,Brotación / desarrollo foliar,CC BY-NC 4.0,12.393333333333334,15.998666666666669,9.497666666666666,49.51,14.770666666666669,77.68566666666668,71.8,30.0
7230,2.355,41.638,195,189,1988,165,1988-06-13,60,Floración,CC BY-NC 4.0,17.887,20.824000000000005,15.124333333333334,76.01999999999998,20.071,75.87633333333333,236.61,30.0
7230,2.355,41.638,195,189,1988,271,1988-09-27,81,Envero / maduración,CC BY-NC 4.0,21.916999999999994,25.436333333333334,18.90833333333334,26.81,17.023333333333333,68.83333333333333,357.51,30.0
7230,2.355,41.638,195,189,1989,89,1989-03-30,11,Brotación / desarrollo foliar,CC BY-NC 4.0,12.385666666666667,16.330333333333332,9.392,23.67,14.398333333333332,74.968,71.57000000000001,30.0
7230,2.355,41.638,195,189,1989,163,1989-06-12,60,Floración,CC BY-NC 4.0,17.852999999999998,20.70133333333333,15.059999999999995,56.71999999999999,19.864,74.32966666666668,235.59,30.0
7230,2.355,41.638,195,189,1990,101,1990-04-11,11,Brotación / desarrollo foliar,CC BY-NC 4.0,12.958333333333332,16.423333333333332,9.812,37.760000000000005,15.969333333333331,71.95433333333334,88.75000000000001,30.0
7230,2.355,41.638,195,189,1990,137,1990-05-17,60,Floración,CC BY-NC 4.0,15.622666666666666,19.10633333333333,12.205999999999998,25.72,21.568333333333328,69.30033333333334,169.03999999999996,30.0
7230,2.355,41.638,195,189,1990,270,1990-09-27,81,Envero / maduración,CC BY-NC 4.0,22.41466666666667,25.428000000000004,19.953,79.11000000000001,14.430666666666664,73.56500000000001,372.44,30.0
7230,2.355,41.638,195,189,1991,93,1991-04-03,11,Brotación / desarrollo foliar,CC BY-NC 4.0,12.366,15.498666666666669,9.724666666666666,77.92000000000002,13.216999999999995,79.48600000000002,70.98,30.0
7230,2.355,41.638,195,189,1991,161,1991-06-10,60,Floración,CC BY-NC 4.0,16.82766666666667,20.37133333333333,13.522,4.529999999999999,22.228,71.27266666666668,204.83,30.0
7230,2.355,41.638,195,189,1991,263,1991-09-20,81,Envero / maduración,CC BY-NC 4.0,24.023000000000003,27.063666666666663,21.599000000000004,48.15999999999999,18.831,74.816,420.69,30.0
7230,2.355,41.638,195,189,1992,108,1992-04-17,11,Brotación / desarrollo foliar,CC BY-NC 4.0,11.738333333333332,15.400666666666666,8.321,51.63,16.768666666666668,69.44266666666667,55.67999999999999,30.0
7230,2.355,41.638,195,189,1992,146,1992-05-25,60,Floración,CC BY-NC 4.0,16.98033333333333,20.368,13.843999999999998,66.35000000000001,20.488,72.47800000000001,209.41,30.0
7230,2.355,41.638,195,189,1992,270,1992-09-26,81,Envero / maduración,CC BY-NC 4.0,21.532666666666664,24.70266666666667,18.79133333333333,34.370000000000005,17.134666666666664,74.38266666666667,345.98,30.0
7230,2.355,41.638,195,189,1993,110,1993-04-20,11,Brotación / desarrollo foliar,CC BY-NC 4.0,12.645666666666669,16.393000000000004,9.373,34.78,18.229,73.41366666666667,81.35,30.0
7230,2.355,41.638,195,189,1993,157,1993-06-06,60,Floración,CC BY-NC 4.0,17.809000000000005,20.938666666666663,14.830333333333332,28.450000000000006,21.326666666666664,77.81500000000001,234.27,30.0
7230,2.355,41.638,195,189,1993,276,1993-10-03,81,Envero / maduración,CC BY-NC 4.0,19.756,22.595333333333325,17.130666666666666,157.82999999999996,14.930333333333332,73.59700000000001,292.68,30.0
7230,2.355,41.638,195,189,1994,107,1994-04-17,11,Brotación / desarrollo foliar,CC BY-NC 4.0,12.664333333333332,16.922666666666668,8.933333333333334,25.66,17.096999999999998,68.37866666666667,80.08999999999999,30.0
7230,2.355,41.638,195,189,1994,156,1994-06-05,60,Floración,CC BY-NC 4.0,18.042666666666666,21.44066666666667,14.716,29.73,21.903,73.93499999999999,241.28000000000003,30.0
7230,2.355,41.638,195,189,1994,265,1994-09-22,81,Envero / maduración,CC BY-NC 4.0,22.35733333333333,25.643000000000004,19.423666666666666,82.14,17.812,67.932,370.72,30.0
7230,2.355,41.638,195,189,1995,98,1995-04-08,11,Brotación / desarrollo foliar,CC BY-NC 4.0,12.228333333333332,16.402,8.710666666666665,5.41,17.583666666666666,69.89200000000001,70.65,30.0
7230,2.355,41.638,195,189,1995,140,1995-05-20,60,Floración,CC BY-NC 4.0,15.531666666666668,18.92833333333333,12.503333333333332,62.77,19.603,69.922,165.95,30.0
7230,2.355,41.638,195,189,1996,111,1996-04-20,11,Brotación / desarrollo foliar,CC BY-NC 4.0,13.050000000000002,16.395666666666664,10.171666666666663,50.7,17.082,75.34266666666666,93.26,30.0
7230,2.355,41.638,195,189,1996,155,1996-06-03,60,Floración,CC BY-NC 4.0,16.735,19.948,13.706666666666663,91.79,22.14966666666667,75.45933333333333,202.05,30.0
7230,2.355,41.638,195,189,1996,279,1996-10-05,81,Envero / maduración,CC BY-NC 4.0,18.83833333333333,21.99,16.133666666666667,48.33000000000001,14.501333333333331,70.24233333333335,265.15000000000003,30.0
7230,2.355,41.638,195,189,1997,76,1997-03-17,11,Brotación / desarrollo foliar,CC BY-NC 4.0,12.556333333333336,16.50666666666667,9.594666666666669,0.44,15.071666666666667,76.41799999999998,76.79,30.0
7230,2.355,41.638,195,189,1997,149,1997-05-29,60,Floración,CC BY-NC 4.0,16.791666666666664,20.108666666666668,13.656333333333338,10.159999999999998,22.075666666666667,74.38266666666667,203.75,30.0
7230,2.355,41.638,195,189,1997,242,1997-08-30,81,Envero / maduración,CC BY-NC 4.0,24.432666666666663,27.43933333333333,21.785,84.84,20.86633333333333,72.30666666666666,432.98,30.0
7230,2.355,41.638,195,189,1998,88,1998-03-29,11,Brotación / desarrollo foliar,CC BY-NC 4.0,12.153333333333332,16.372,8.826333333333334,7.289999999999999,15.648333333333335,72.869,66.69,30.0
7230,2.355,41.638,195,189,1998,141,1998-05-21,60,Floración,CC BY-NC 4.0,15.977666666666668,19.305333333333337,13.041333333333334,36.29,22.957666666666668,72.683,179.33,30.0
7230,2.355,41.638,195,189,1998,270,1998-09-27,81,Envero / maduración,CC BY-NC 4.0,21.728666666666665,24.913,18.889333333333333,59.47,16.472666666666665,69.34400000000001,351.86,30.0
7230,2.355,41.638,195,189,1999,84,1999-03-25,11,Brotación / desarrollo foliar,CC BY-NC 4.0,11.638,15.164333333333332,8.840666666666667,9.06,13.809333333333331,77.40066666666668,53.9,30.0
7230,2.355,41.638,195,189,1999,142,1999-05-22,60,Floración,CC BY-NC 4.0,16.538333333333334,20.233666666666668,13.249666666666666,95.59999999999998,20.617,76.63466666666667,196.15,30.0
7230,2.355,41.638,195,189,1999,260,1999-09-17,81,Envero / maduración,CC BY-NC 4.0,23.859666666666666,26.92466666666666,21.256666666666664,85.47,18.256000000000004,71.381,415.7900000000001,30.0
7230,2.355,41.638,195,189,2000,86,2000-03-26,11,Brotación / desarrollo foliar,CC BY-NC 4.0,12.065,16.037999999999997,9.061,6.65,15.565,73.89766666666668,61.98,30.0
7230,2.355,41.638,195,189,2000,146,2000-05-25,60,Floración,CC BY-NC 4.0,17.121333333333332,20.37933333333334,14.262,40.29999999999999,19.581666666666667,75.46166666666666,213.64,30.0
7230,2.355,41.638,195,189,2000,258,2000-09-14,81,Envero / maduración,CC BY-NC 4.0,23.425000000000004,26.94766666666666,20.467,36.13,19.891,70.123,402.75,30.0
20386,3.14494,42.3091,73,80,2013,100,2013-04-10,11,Brotación / desarrollo foliar,CC BY-NC 4.0,10.204666666666666,13.750000000000002,7.086,66.47,13.757666666666664,76.93933333333332,27.76,30.0
20386,3.14494,42.3091,73,80,2013,241,2013-08-29,85,Envero / maduración,CC BY-NC 4.0,23.785,27.68733333333333,19.89433333333333,18.2,21.95433333333333,64.803,413.55,30.0
20386,3.14494,42.3091,73,80,2013,267,2013-09-24,91,Cosecha / post-cosecha,CC BY-NC 4.0,20.67366666666667,24.83366666666667,16.846,28.960000000000004,18.219666666666665,65.79666666666665,320.21000000000004,30.0
20386,3.14494,42.3091,73,80,2013,331,2013-11-27,95,Senescencia / caída de hojas,CC BY-NC 4.0,11.819,14.564333333333334,9.518333333333333,84.85,6.898999999999999,72.26566666666666,88.31,30.0
20388,1.53435,41.4735,600,594,2014,233,2014-08-21,85,Envero / maduración,CC BY-NC 4.0,23.72166666666667,30.18066666666667,18.162666666666663,14.21,22.54533333333333,61.95733333333335,411.6499999999999,30.0
20388,1.53435,41.4735,600,594,2014,278,2014-10-05,91,Cosecha / post-cosecha,CC BY-NC 4.0,20.446333333333328,25.56933333333333,16.393333333333334,83.16,15.19,76.24666666666666,313.39000000000004,30.0
20388,1.53435,41.4735,600,594,2014,317,2014-11-13,95,Senescencia / caída de hojas,CC BY-NC 4.0,14.571,21.124666666666663,10.084666666666664,14.37,10.653,72.83433333333333,144.00999999999996,30.0
20388,1.53435,41.4735,600,594,2015,109,2015-04-19,11,Brotación / desarrollo foliar,CC BY-NC 4.0,12.176666666666668,19.148666666666664,6.4096666666666655,45.940000000000005,19.462666666666667,67.36366666666665,72.03999999999999,30.0
20388,1.53435,41.4735,600,594,2015,225,2015-08-13,85,Envero / maduración,CC BY-NC 4.0,25.781333333333336,32.45666666666666,19.87533333333333,34.86,23.82533333333333,62.150666666666666,473.44000000000005,30.0
20388,1.53435,41.4735,600,594,2015,272,2015-09-29,91,Cosecha / post-cosecha,CC BY-NC 4.0,19.191666666666663,25.133,14.580666666666668,57.60999999999999,16.588,69.09233333333331,275.75,30.0
20388,1.53435,41.4735,600,594,2015,309,2015-11-05,95,Senescencia / caída de hojas,CC BY-NC 4.0,14.322666666666668,19.74566666666667,9.897666666666668,45.25000000000001,11.142333333333337,77.87999999999997,129.68,30.0
20388,1.53435,41.4735,600,594,2016,105,2016-04-14,11,Brotación / desarrollo foliar,CC BY-NC 4.0,10.977333333333332,17.33,5.480333333333332,57.29,17.175,69.22966666666666,42.68000000000001,30.0
20388,1.53435,41.4735,600,594,2016,242,2016-08-29,85,Envero / maduración,CC BY-NC 4.0,24.632666666666672,31.839,18.87333333333333,6.42,24.242,59.73566666666667,438.98,30.0
20388,1.53435,41.4735,600,594,2016,302,2016-10-28,91,Cosecha / post-cosecha,CC BY-NC 4.0,16.398000000000003,21.68333333333333,12.641,70.66,11.049666666666669,79.80666666666666,191.94,30.0
20388,1.53435,41.4735,600,594,2016,321,2016-11-16,95,Senescencia / caída de hojas,CC BY-NC 4.0,12.941000000000004,18.773666666666664,8.959333333333335,14.1,9.786333333333332,76.45700000000001,101.19,30.0
20391,1.52806,41.465,633,635,2014,227,2014-08-15,85,Envero / maduración,CC BY-NC 4.0,24.279,30.91866666666667,18.310666666666663,11.07,24.12,58.86033333333334,428.37,30.0
20391,1.52806,41.465,633,635,2014,275,2014-10-02,91,Cosecha / post-cosecha,CC BY-NC 4.0,20.895666666666664,26.084333333333333,16.814666666666668,80.33999999999999,15.472666666666669,75.69566666666667,326.87,30.0
20391,1.52806,41.465,633,635,2014,313,2014-11-09,95,Senescencia / caída de hojas,CC BY-NC 4.0,15.561333333333332,22.031,11.001,18.81,11.206333333333331,72.39666666666666,170.69,30.0
20391,1.52806,41.465,633,635,2015,95,2015-04-05,11,Brotación / desarrollo foliar,CC BY-NC 4.0,10.695333333333334,17.353,5.321,48.540000000000006,16.702333333333332,69.18533333333333,42.84,30.0
20391,1.52806,41.465,633,635,2015,215,2015-08-03,85,Envero / maduración,CC BY-NC 4.0,26.54133333333333,33.529333333333334,20.51933333333333,21.980000000000004,25.605000000000004,58.63666666666666,496.24,30.0
20391,1.52806,41.465,633,635,2015,265,2015-09-22,91,Cosecha / post-cosecha,CC BY-NC 4.0,20.504333333333328,26.662333333333333,15.502999999999998,37.72999999999999,18.48733333333333,68.35000000000001,315.13,30.0
20391,1.52806,41.465,633,635,2015,305,2015-11-01,95,Senescencia / caída de hojas,CC BY-NC 4.0,14.855,20.396,10.386333333333337,29.36,11.514000000000005,76.62466666666667,145.65000000000003,30.0
20391,1.52806,41.465,633,635,2016,94,2016-04-03,11,Brotación / desarrollo foliar,CC BY-NC 4.0,8.963999999999999,15.373666666666669,3.539333333333334,42.33,15.625333333333336,68.53333333333333,20.24,30.0
20391,1.52806,41.465,633,635,2016,230,2016-08-17,85,Envero / maduración,CC BY-NC 4.0,24.932,32.12733333333333,18.97000000000001,13.75,25.686666666666664,58.37566666666667,447.96,30.0
20391,1.52806,41.465,633,635,2016,298,2016-10-24,91,Cosecha / post-cosecha,CC BY-NC 4.0,16.650666666666666,21.95566666666667,12.786333333333337,73.18999999999998,11.865000000000002,78.79533333333333,199.52,30.0
20391,1.52806,41.465,633,635,2016,317,2016-11-12,95,Senescencia / caída de hojas,CC BY-NC 4.0,13.571000000000002,19.207999999999995,9.736333333333334,21.66,9.873,78.85066666666667,118.61,30.0
20392,1.84471,41.3519,332,315,2013,213,2013-08-01,85,Envero / maduración,CC BY-NC 4.0,25.38733333333333,30.560666666666663,20.785666666666664,19.89,26.59433333333333,60.859,461.62,30.0
20392,1.84471,41.3519,332,315,2013,272,2013-09-29,91,Cosecha / post-cosecha,CC BY-NC 4.0,21.300666666666668,26.459,17.244333333333334,22.680000000000003,18.845333333333336,70.06400000000001,339.0199999999999,30.0
20392,1.84471,41.3519,332,315,2013,316,2013-11-12,95,Senescencia / caída de hojas,CC BY-NC 4.0,17.164333333333335,22.64766666666667,13.383666666666668,2.8999999999999995,10.945999999999998,70.71533333333335,214.92999999999995,30.0
20392,1.84471,41.3519,332,315,2014,92,2014-04-02,11,Brotación / desarrollo foliar,CC BY-NC 4.0,11.499999999999998,17.404333333333334,6.722333333333334,17.61,16.18033333333333,65.33833333333334,51.96999999999999,30.0
20392,1.84471,41.3519,332,315,2014,219,2014-08-07,85,Envero / maduración,CC BY-NC 4.0,24.15333333333333,29.756666666666664,19.159333333333333,16.630000000000003,25.581,61.81233333333333,424.6,30.0
20392,1.84471,41.3519,332,315,2014,306,2014-11-02,91,Cosecha / post-cosecha,CC BY-NC 4.0,18.672000000000004,24.12333333333333,14.849333333333334,10.27,12.569333333333333,72.48600000000002,260.16,30.0
20392,1.84471,41.3519,332,315,2014,318,2014-11-14,95,Senescencia / caída de hojas,CC BY-NC 4.0,16.064666666666668,21.51766666666667,12.151333333333334,13.75,10.373333333333337,71.39566666666666,181.94000000000003,30.0
20392,1.84471,41.3519,332,315,2015,105,2015-04-15,11,Brotación / desarrollo foliar,CC BY-NC 4.0,12.3,18.10633333333333,7.593666666666667,40.50000000000001,18.667666666666666,68.953,71.86999999999999,30.0
20392,1.84471,41.3519,332,315,2015,229,2015-08-17,85,Envero / maduración,CC BY-NC 4.0,25.453666666666663,30.69033333333333,20.89833333333333,41.41,22.914666666666665,65.16,463.61,30.0
20392,1.84471,41.3519,332,315,2015,287,2015-10-14,91,Cosecha / post-cosecha,CC BY-NC 4.0,18.587,23.483,14.890999999999998,66.77,15.072,73.20033333333335,257.61,30.0
20392,1.84471,41.3519,332,315,2015,306,2015-11-02,95,Senescencia / caída de hojas,CC BY-NC 4.0,16.125666666666667,20.64366666666666,12.619333333333334,48.790000000000006,11.234666666666667,77.1,183.77000000000004,30.0
20392,1.84471,41.3519,332,315,2016,92,2016-04-01,11,Brotación / desarrollo foliar,CC BY-NC 4.0,9.855666666666666,15.689000000000002,5.086333333333332,40.56,15.668666666666669,69.09833333333334,28.88,30.0
20392,1.84471,41.3519,332,315,2016,232,2016-08-19,85,Envero / maduración,CC BY-NC 4.0,25.051666666666662,30.80733333333333,20.183,16.459999999999997,25.481666666666666,61.643,451.55,30.0
20392,1.84471,41.3519,332,315,2016,323,2016-11-18,91,Cosecha / post-cosecha,CC BY-NC 4.0,13.971333333333336,19.057666666666663,10.498333333333337,15.19,9.668666666666669,76.654,122.3,30.0
20392,1.84471,41.3519,332,315,2017,104,2017-04-14,11,Brotación / desarrollo foliar,CC BY-NC 4.0,13.55,19.574666666666666,8.684333333333335,61.8,20.0,66.89933333333333,109.75,30.0
20392,1.84471,41.3519,332,315,2017,322,2017-11-18,91,Cosecha / post-cosecha,CC BY-NC 4.0,13.863,19.44666666666667,9.779666666666664,10.579999999999998,10.997000000000002,66.81066666666668,119.84,30.0
20392,1.84471,41.3519,332,315,2017,354,2017-12-20,95,Senescencia / caída de hojas,CC BY-NC 4.0,7.586333333333332,12.966,4.0456666666666665,14.989999999999998,7.442666666666667,69.24000000000001,15.89,30.0
20392,1.84471,41.3519,332,315,2018,111,2018-04-21,11,Brotación / desarrollo foliar,CC BY-NC 4.0,12.164333333333332,17.377666666666666,7.4893333333333345,106.16,17.543333333333333,73.05666666666667,70.51000000000002,30.0
20392,1.84471,41.3519,332,315,2018,221,2018-08-09,85,Envero / maduración,CC BY-NC 4.0,26.129333333333328,31.247333333333334,21.668666666666663,47.96,24.84766666666666,64.406,483.88000000000005,30.0
20392,1.84471,41.3519,332,315,2018,327,2018-11-23,91,Cosecha / post-cosecha,CC BY-NC 4.0,12.159666666666665,16.231666666666666,8.724333333333332,168.07,7.642666666666666,81.972,70.99999999999999,30.0
20392,1.84471,41.3519,332,315,2018,350,2018-12-16,95,Senescencia / caída de hojas,CC BY-NC 4.0,9.929666666666666,14.770333333333332,6.553666666666668,36.78999999999999,6.387333333333333,80.836,17.66,30.0
20392,1.84471,41.3519,332,315,2019,109,2019-04-19,11,Brotación / desarrollo foliar,CC BY-NC 4.0,11.912,17.586666666666666,6.867333333333335,28.35,19.122333333333334,66.45633333333333,59.64,30.0
20392,1.84471,41.3519,332,315,2019,244,2019-09-01,85,Envero / maduración,CC BY-NC 4.0,25.305333333333333,30.586333333333336,21.023333333333333,49.59000000000001,21.95,64.47566666666667,459.16,30.0
20392,1.84471,41.3519,332,315,2019,336,2019-12-02,91,Cosecha / post-cosecha,CC BY-NC 4.0,10.014666666666669,15.272333333333332,6.112666666666667,42.51,8.594,75.90466666666666,27.09000000000001,30.0
20392,1.84471,41.3519,332,315,2019,349,2019-12-15,95,Senescencia / caída de hojas,CC BY-NC 4.0,9.755,14.826999999999998,6.0843333333333325,83.28,7.110666666666664,78.44700000000002,18.89,30.0
20392,1.84471,41.3519,332,315,2020,74,2020-03-14,11,Brotación / desarrollo foliar,CC BY-NC 4.0,11.379,17.034333333333333,6.972333333333333,13.64,14.023,74.31966666666668,44.58,30.0
20392,1.84471,41.3519,332,315,2020,220,2020-08-07,85,Envero / maduración,CC BY-NC 4.0,24.97733333333333,30.00733333333333,20.768666666666668,43.41,26.524333333333328,67.50566666666666,449.32,30.0
20392,1.84471,41.3519,332,315,2020,328,2020-11-23,91,Cosecha / post-cosecha,CC BY-NC 4.0,13.503000000000002,18.328333333333337,9.93266666666667,39.69,9.310000000000002,77.60200000000002,107.62999999999998,30.0
20393,1.70141,41.3465,223,233,2013,97,2013-04-07,11,Brotación / desarrollo foliar,CC BY-NC 4.0,10.203,15.438999999999998,5.414333333333334,44.420000000000016,16.33866666666667,72.82033333333332,29.419999999999995,30.0
20393,1.70141,41.3465,223,233,2013,232,2013-08-20,85,Envero / maduración,CC BY-NC 4.0,25.39966666666667,30.68133333333334,20.75133333333333,8.74,24.911999999999992,62.579,461.99,30.0
20393,1.70141,41.3465,223,233,2013,297,2013-10-24,91,Cosecha / post-cosecha,CC BY-NC 4.0,19.51533333333333,24.349333333333337,15.901333333333334,26.59,13.571666666666664,75.039,285.46,30.0
20393,1.70141,41.3465,223,233,2013,314,2013-11-10,95,Senescencia / caída de hojas,CC BY-NC 4.0,17.337333333333337,22.663666666666668,13.601666666666665,2.76,11.253333333333332,71.192,220.12,30.0
20393,1.70141,41.3465,223,233,2014,95,2014-04-05,11,Brotación / desarrollo foliar,CC BY-NC 4.0,11.891333333333332,17.768000000000004,7.073666666666665,29.36,16.319666666666667,66.242,62.02999999999999,30.0
20393,1.70141,41.3465,223,233,2014,234,2014-08-22,85,Envero / maduración,CC BY-NC 4.0,23.807,29.02,19.506,53.6,21.953666666666667,66.433,414.2099999999999,30.0
20393,1.70141,41.3465,223,233,2014,290,2014-10-17,91,Cosecha / post-cosecha,CC BY-NC 4.0,19.82133333333333,24.39233333333333,16.245333333333335,73.55000000000001,13.388,75.577,294.6400000000001,30.0
20393,1.70141,41.3465,223,233,2014,311,2014-11-07,95,Senescencia / caída de hojas,CC BY-NC 4.0,17.572333333333336,23.001666666666665,13.569666666666665,15.15,11.746333333333334,71.03233333333333,227.17,30.0
20393,1.70141,41.3465,223,233,2015,101,2015-04-11,11,Brotación / desarrollo foliar,CC BY-NC 4.0,11.357666666666669,16.856333333333332,6.841333333333335,49.98,17.668999999999997,71.44666666666667,51.42,30.0
20393,1.70141,41.3465,223,233,2015,224,2015-08-12,85,Envero / maduración,CC BY-NC 4.0,26.16033333333333,31.579,21.48733333333333,29.21,24.041,64.291,484.8100000000001,30.0
20393,1.70141,41.3465,223,233,2015,279,2015-10-06,91,Cosecha / post-cosecha,CC BY-NC 4.0,19.52,24.37266666666666,15.886333333333331,69.49999999999999,15.535,71.63499999999999,285.6,30.0
20393,1.70141,41.3465,223,233,2015,299,2015-10-26,95,Senescencia / caída de hojas,CC BY-NC 4.0,16.68633333333333,20.931,13.418,65.69999999999999,11.614333333333333,76.32066666666668,200.59000000000003,30.0
20393,1.70141,41.3465,223,233,2016,94,2016-04-03,11,Brotación / desarrollo foliar,CC BY-NC 4.0,10.078333333333337,15.828333333333337,5.444999999999999,39.44,15.625333333333336,69.123,32.86,30.0
20393,1.70141,41.3465,223,233,2016,228,2016-08-15,85,Envero / maduración,CC BY-NC 4.0,25.003666666666668,30.918000000000003,19.92866666666667,16.280000000000005,26.354666666666663,59.80566666666666,450.11,30.0
20393,1.70141,41.3465,223,233,2016,293,2016-10-19,91,Cosecha / post-cosecha,CC BY-NC 4.0,18.537,22.871333333333336,15.325333333333331,84.73,12.932333333333336,74.538,256.11,30.0
20393,1.70141,41.3465,223,233,2016,303,2016-10-29,95,Senescencia / caída de hojas,CC BY-NC 4.0,17.522,21.89033333333333,14.447,80.54,10.842000000000002,78.196,225.66,30.0
20393,1.70141,41.3465,223,233,2017,86,2017-03-27,11,Brotación / desarrollo foliar,CC BY-NC 4.0,12.056,18.065,7.436000000000001,72.77000000000001,15.766333333333334,69.57166666666667,69.21000000000001,30.0
20393,1.70141,41.3465,223,233,2017,214,2017-08-02,85,Envero / maduración,CC BY-NC 4.0,25.34733333333334,30.842666666666663,20.51833333333333,21.49,25.348,63.18566666666667,460.4199999999999,30.0
20393,1.70141,41.3465,223,233,2017,284,2017-10-11,91,Cosecha / post-cosecha,CC BY-NC 4.0,19.215666666666667,24.22233333333333,15.537,38.22,15.656,73.831,276.47,30.0
20393,1.70141,41.3465,223,233,2017,307,2017-11-03,95,Senescencia / caída de hojas,CC BY-NC 4.0,17.82266666666667,22.940999999999995,14.224333333333332,64.88,12.915,74.51366666666667,234.68,30.0
20393,1.70141,41.3465,223,233,2018,96,2018-04-06,11,Brotación / desarrollo foliar,CC BY-NC 4.0,10.210333333333333,16.032333333333334,5.258666666666668,54.97,16.712666666666667,69.868,33.92,30.0
20393,1.70141,41.3465,223,233,2018,224,2018-08-12,85,Envero / maduración,CC BY-NC 4.0,26.070999999999994,31.106,21.682,51.540000000000006,24.469999999999995,64.96066666666667,482.13,30.0
20393,1.70141,41.3465,223,233,2018,315,2018-11-11,91,Cosecha / post-cosecha,CC BY-NC 4.0,14.211000000000002,18.82033333333333,10.481666666666666,177.0,9.529333333333332,78.05866666666667,131.95000000000002,30.0
20393,1.70141,41.3465,223,233,2018,322,2018-11-18,95,Senescencia / caída de hojas,CC BY-NC 4.0,13.249666666666666,17.845333333333333,9.578000000000005,162.04,8.739333333333333,79.55799999999999,103.11,30.0
20393,1.70141,41.3465,223,233,2019,100,2019-04-10,11,Brotación / desarrollo foliar,CC BY-NC 4.0,11.444333333333333,17.491333333333333,6.360000000000001,28.19,18.898666666666664,66.756,46.32,30.0
20393,1.70141,41.3465,223,233,2019,235,2019-08-23,85,Envero / maduración,CC BY-NC 4.0,25.262000000000004,30.644333333333336,20.707999999999995,60.3,23.75633333333333,64.00566666666667,457.86,30.0
20393,1.70141,41.3465,223,233,2019,291,2019-10-18,91,Cosecha / post-cosecha,CC BY-NC 4.0,19.813,25.068,16.046333333333333,21.05,14.925666666666666,74.28633333333332,294.39,30.0
20393,1.70141,41.3465,223,233,2019,315,2019-11-11,95,Senescencia / caída de hojas,CC BY-NC 4.0,15.0,20.024,11.070333333333334,102.37,10.327,75.65833333333333,154.53,30.0
20393,1.70141,41.3465,223,233,2020,72,2020-03-12,11,Brotación / desarrollo foliar,CC BY-NC 4.0,11.274,16.885,6.8933333333333335,12.1,13.654666666666666,74.52033333333334,41.43,30.0
20393,1.70141,41.3465,223,233,2020,225,2020-08-12,85,Envero / maduración,CC BY-NC 4.0,25.363333333333333,30.43933333333334,21.115666666666662,39.0,25.648666666666664,66.78133333333334,460.9,30.0
20393,1.70141,41.3465,223,233,2020,286,2020-10-12,91,Cosecha / post-cosecha,CC BY-NC 4.0,18.64,23.90733333333333,14.190333333333337,67.75999999999999,15.349666666666668,70.52333333333333,259.20000000000005,30.0
20393,1.70141,41.3465,223,233,2020,293,2020-10-19,95,Senescencia / caída de hojas,CC BY-NC 4.0,16.272,21.618666666666662,11.596333333333336,62.00999999999999,14.849666666666668,70.02333333333333,188.16000000000005,30.0
20399,1.013,41.1268,132,139,2013,218,2013-08-06,85,Envero / maduración,CC BY-NC 4.0,25.81266666666666,28.232333333333337,23.501,21.890000000000004,25.80133333333333,70.52033333333333,474.38,30.0
20399,1.013,41.1268,132,139,2014,217,2014-08-05,85,Envero / maduración,CC BY-NC 4.0,24.083,27.038333333333338,21.148000000000003,9.81,25.442,68.49133333333333,422.49,30.0
20399,1.013,41.1268,132,139,2015,216,2015-08-04,85,Envero / maduración,CC BY-NC 4.0,26.215666666666667,28.915333333333333,23.863333333333333,19.01,25.498,72.61799999999998,486.47,30.0
20399,1.013,41.1268,132,139,2016,89,2016-03-29,11,Brotación / desarrollo foliar,CC BY-NC 4.0,11.305333333333332,14.696666666666667,8.164666666666667,25.930000000000003,15.327333333333334,71.27366666666668,41.510000000000005,30.0
20399,1.013,41.1268,132,139,2016,215,2016-08-02,85,Envero / maduración,CC BY-NC 4.0,25.006,27.858,22.468666666666664,5.63,27.030666666666665,68.63066666666667,450.18,30.0
20399,1.013,41.1268,132,139,2016,285,2016-10-11,91,Cosecha / post-cosecha,CC BY-NC 4.0,21.314000000000004,23.80266666666667,19.17466666666666,42.870000000000005,15.344333333333331,72.86666666666666,339.42,30.0
20399,1.013,41.1268,132,139,2016,320,2016-11-15,95,Senescencia / caída de hojas,CC BY-NC 4.0,16.94,19.533666666666665,14.675333333333333,19.239999999999995,9.634666666666668,75.71300000000001,208.2,30.0
20399,1.013,41.1268,132,139,2017,73,2017-03-14,11,Brotación / desarrollo foliar,CC BY-NC 4.0,12.633666666666665,15.772,10.093666666666667,28.3,13.22133333333333,78.04466666666667,79.31000000000002,30.0
20399,1.013,41.1268,132,139,2017,206,2017-07-25,85,Envero / maduración,CC BY-NC 4.0,24.56,27.273,21.846333333333337,21.349999999999994,26.266333333333325,69.76233333333333,436.8,30.0
20399,1.013,41.1268,132,139,2017,255,2017-09-12,91,Cosecha / post-cosecha,CC BY-NC 4.0,24.166,26.91033333333333,21.782,28.500000000000004,20.398000000000003,72.23599999999998,424.98,30.0
20399,1.013,41.1268,132,139,2017,297,2017-10-24,95,Senescencia / caída de hojas,CC BY-NC 4.0,20.428666666666665,22.772666666666662,18.611666666666668,61.010000000000005,13.516666666666667,76.32733333333336,312.86,30.0
20399,1.013,41.1268,132,139,2018,86,2018-03-27,11,Brotación / desarrollo foliar,CC BY-NC 4.0,11.078666666666663,14.220666666666665,8.352333333333332,63.64,13.688333333333333,74.97633333333333,44.61,30.0
20399,1.013,41.1268,132,139,2018,212,2018-07-31,85,Envero / maduración,CC BY-NC 4.0,25.593000000000004,28.27133333333334,23.137333333333338,35.79,26.502333333333333,71.82933333333332,467.79,30.0
20399,1.013,41.1268,132,139,2018,254,2018-09-11,91,Cosecha / post-cosecha,CC BY-NC 4.0,24.80933333333333,27.09466666666668,22.84733333333333,70.92999999999999,20.077,73.71566666666668,444.28,30.0
20399,1.013,41.1268,132,139,2018,289,2018-10-16,95,Senescencia / caída de hojas,CC BY-NC 4.0,21.65966666666667,24.243,19.324000000000005,67.56,15.467999999999998,73.06333333333332,349.79,30.0
20399,1.013,41.1268,132,139,2019,85,2019-03-26,11,Brotación / desarrollo foliar,CC BY-NC 4.0,13.28,17.029,10.010333333333334,2.49,17.711000000000002,68.84033333333333,98.4,30.0
20399,1.013,41.1268,132,139,2019,218,2019-08-06,85,Envero / maduración,CC BY-NC 4.0,25.642,28.551333333333336,22.90966666666667,21.460000000000004,25.778666666666663,68.43800000000002,469.2600000000001,30.0
20399,1.013,41.1268,132,139,2019,246,2019-09-03,91,Cosecha / post-cosecha,CC BY-NC 4.0,25.50266666666666,28.14033333333334,23.31733333333333,65.42,21.633000000000003,71.73066666666665,465.08,30.0
20399,1.013,41.1268,132,139,2019,316,2019-11-12,95,Senescencia / caída de hojas,CC BY-NC 4.0,17.21066666666667,19.915,14.613666666666663,79.22000000000001,10.238,73.26866666666668,216.32,30.0
20399,1.013,41.1268,132,139,2020,70,2020-03-10,11,Brotación / desarrollo foliar,CC BY-NC 4.0,12.872666666666667,16.381,9.75,8.810000000000002,13.227333333333332,75.45433333333334,86.18,30.0
20399,1.013,41.1268,132,139,2020,217,2020-08-04,85,Envero / maduración,CC BY-NC 4.0,25.752,28.496666666666663,23.28333333333334,23.290000000000006,26.73399999999999,68.53833333333334,472.56,30.0
20399,1.013,41.1268,132,139,2020,280,2020-10-06,95,Senescencia / caída de hojas,CC BY-NC 4.0,21.621666666666663,24.54666666666667,18.895333333333333,60.23000000000001,16.102999999999998,68.786,348.65000000000003,30.0
20402,3.13077,42.0426,23,31,2014,83,2014-03-24,11,Brotación / desarrollo foliar,CC BY-NC 4.0,11.704666666666668,16.025333333333336,8.128666666666668,12.550000000000002,14.523333333333332,65.66233333333334,54.000000000000014,30.0
20406,1.89791,41.5526,164,164,2013,226,2013-08-14,85,Envero / maduración,CC BY-NC 4.0,25.594,30.895666666666667,20.95266666666667,19.01,25.273333333333333,61.07166666666665,467.82,30.0
20406,1.89791,41.5526,164,164,2013,247,2013-09-04,91,Cosecha / post-cosecha,CC BY-NC 4.0,23.655,28.717666666666663,19.4,24.48,21.92633333333333,65.72233333333334,409.65,30.0
20406,1.89791,41.5526,164,164,2013,268,2013-09-25,95,Senescencia / caída de hojas,CC BY-NC 4.0,21.281,26.259333333333338,17.294333333333338,30.1,19.038666666666664,69.39433333333334,338.42999999999995,30.0
20406,1.89791,41.5526,164,164,2014,78,2014-03-19,11,Brotación / desarrollo foliar,CC BY-NC 4.0,10.435,16.725666666666665,5.601,2.73,14.932,63.98066666666667,31.03,30.0
20406,1.89791,41.5526,164,164,2014,204,2014-07-23,91,Cosecha / post-cosecha,CC BY-NC 4.0,22.961,28.531333333333333,17.84666666666667,36.33,25.287333333333336,63.04333333333334,388.83,30.0
20406,1.89791,41.5526,164,164,2014,232,2014-08-20,85,Envero / maduración,CC BY-NC 4.0,24.053999999999995,29.418000000000003,19.54833333333333,17.01,23.15566666666666,64.94533333333334,421.62,30.0
20406,1.89791,41.5526,164,164,2014,267,2014-09-24,95,Senescencia / caída de hojas,CC BY-NC 4.0,23.059000000000005,27.867333333333328,19.384333333333338,42.73,17.517,72.764,391.7699999999999,30.0
20406,1.89791,41.5526,164,164,2015,84,2015-03-25,11,Brotación / desarrollo foliar,CC BY-NC 4.0,10.160666666666666,15.304333333333336,6.221999999999999,63.29,14.238333333333337,71.75099999999998,27.72,30.0
20406,1.89791,41.5526,164,164,2015,231,2015-08-19,85,Envero / maduración,CC BY-NC 4.0,25.039,30.200666666666667,20.59166666666665,53.21,22.331666666666667,65.54366666666667,451.17,30.0
20406,1.89791,41.5526,164,164,2015,252,2015-09-09,91,Cosecha / post-cosecha,CC BY-NC 4.0,22.81066666666667,27.65,18.92933333333333,50.08,20.10066666666667,68.26466666666667,384.32,30.0
20406,1.89791,41.5526,164,164,2015,280,2015-10-07,95,Senescencia / caída de hojas,CC BY-NC 4.0,19.42,24.29,15.779666666666664,69.94999999999999,15.466666666666669,71.64166666666667,282.5999999999999,30.0
20406,1.89791,41.5526,164,164,2016,76,2016-03-16,11,Brotación / desarrollo foliar,CC BY-NC 4.0,8.262666666666666,14.268000000000002,3.376666666666666,46.33,13.756,65.36933333333334,5.57,30.0
20406,1.89791,41.5526,164,164,2016,237,2016-08-24,85,Envero / maduración,CC BY-NC 4.0,24.961,30.873,20.12366666666667,8.17,25.18933333333333,61.54933333333334,448.83,30.0
20406,1.89791,41.5526,164,164,2017,88,2017-03-29,11,Brotación / desarrollo foliar,CC BY-NC 4.0,12.260666666666667,18.327666666666666,7.513666666666667,72.69,16.265333333333334,68.75266666666667,74.97,30.0
20406,1.89791,41.5526,164,164,2017,221,2017-08-09,85,Envero / maduración,CC BY-NC 4.0,25.866,31.298666666666666,21.17666666666667,24.51,24.562,63.07033333333332,475.9800000000001,30.0
20406,1.89791,41.5526,164,164,2017,249,2017-09-06,91,Cosecha / post-cosecha,CC BY-NC 4.0,24.03333333333333,29.359000000000005,19.664,30.450000000000003,21.468666666666667,64.87833333333334,421.00000000000006,30.0
20406,1.89791,41.5526,164,164,2017,270,2017-09-27,95,Senescencia / caída de hojas,CC BY-NC 4.0,20.36933333333333,25.218000000000004,16.545666666666666,58.32,17.08533333333333,70.078,311.08,30.0
20406,1.89791,41.5526,164,164,2018,87,2018-03-28,11,Brotación / desarrollo foliar,CC BY-NC 4.0,9.124,14.618999999999998,4.465999999999999,84.24999999999999,14.177666666666664,72.50399999999999,20.62,30.0
20406,1.89791,41.5526,164,164,2018,233,2018-08-21,85,Envero / maduración,CC BY-NC 4.0,25.875,30.79366666666667,21.503000000000004,62.7,23.51366666666667,66.40533333333333,476.25,30.0
20406,1.89791,41.5526,164,164,2018,269,2018-09-26,91,Cosecha / post-cosecha,CC BY-NC 4.0,22.637,27.039666666666665,19.21666666666666,64.38000000000001,17.445333333333334,74.91966666666667,379.11,30.0
20406,1.89791,41.5526,164,164,2018,297,2018-10-24,95,Senescencia / caída de hojas,CC BY-NC 4.0,18.30966666666667,23.326,14.372333333333334,107.91,13.689333333333332,73.67433333333334,249.29,30.0
20406,1.89791,41.5526,164,164,2019,65,2019-03-06,11,Brotación / desarrollo foliar,CC BY-NC 4.0,10.396333333333333,16.49833333333333,6.085333333333335,2.6500000000000004,13.701666666666672,71.93433333333334,26.22,30.0
20406,1.89791,41.5526,164,164,2019,233,2019-08-21,85,Envero / maduración,CC BY-NC 4.0,25.526333333333334,30.981,20.94066666666667,59.99,24.114666666666665,63.26566666666667,465.79,30.0
20406,1.89791,41.5526,164,164,2019,268,2019-09-25,91,Cosecha / post-cosecha,CC BY-NC 4.0,22.09800000000001,26.947,18.14633333333333,131.40999999999997,17.748333333333335,68.18866666666666,362.94000000000005,30.0
20406,1.89791,41.5526,164,164,2019,282,2019-10-09,95,Senescencia / caída de hojas,CC BY-NC 4.0,20.75833333333333,26.127,16.75433333333333,38.08,15.807999999999998,70.291,322.74999999999994,30.0
20406,1.89791,41.5526,164,164,2020,50,2020-02-19,11,Brotación / desarrollo foliar,CC BY-NC 4.0,10.648666666666667,15.538333333333336,7.0906666666666665,102.92,9.358666666666666,81.88033333333333,29.83,30.0
20406,1.89791,41.5526,164,164,2020,232,2020-08-19,85,Envero / maduración,CC BY-NC 4.0,25.796000000000003,30.986,21.46233333333333,15.89,24.505,66.18133333333334,473.88000000000005,30.0
20406,1.89791,41.5526,164,164,2020,302,2020-10-28,95,Senescencia / caída de hojas,CC BY-NC 4.0,15.194666666666668,20.32633333333333,10.829333333333334,62.91,13.01933333333333,73.78166666666667,155.83999999999995,30.0
20407,2.04738,41.3831,25,32,2014,79,2014-03-20,11,Brotación / desarrollo foliar,CC BY-NC 4.0,10.538333333333334,16.863999999999997,5.666,2.73,14.90633333333333,64.09533333333334,33.88999999999999,30.0
20407,2.04738,41.3831,25,32,2014,190,2014-07-09,85,Envero / maduración,CC BY-NC 4.0,22.547333333333327,27.767333333333337,17.608999999999998,44.680000000000014,23.622333333333334,61.78099999999999,376.42,30.0
20407,2.04738,41.3831,25,32,2014,296,2014-10-23,91,Cosecha / post-cosecha,CC BY-NC 4.0,19.46266666666667,24.642666666666667,15.527,65.45000000000002,13.618,72.20433333333332,283.88,30.0
20407,2.04738,41.3831,25,32,2014,312,2014-11-08,95,Senescencia / caída de hojas,CC BY-NC 4.0,17.338,22.71533333333333,13.368,15.33,11.317333333333332,70.93566666666666,220.14,30.0
20407,2.04738,41.3831,25,32,2015,98,2015-04-08,11,Brotación / desarrollo foliar,CC BY-NC 4.0,11.519333333333332,17.08966666666667,7.006,49.99,16.08366666666667,70.79866666666666,56.27,30.0
20407,2.04738,41.3831,25,32,2015,197,2015-07-16,85,Envero / maduración,CC BY-NC 4.0,25.59533333333333,31.30666666666666,20.57133333333333,2.0500000000000003,27.915000000000003,57.08566666666666,467.8599999999999,30.0
20407,2.04738,41.3831,25,32,2015,290,2015-10-17,91,Cosecha / post-cosecha,CC BY-NC 4.0,17.843333333333337,22.59433333333333,14.328333333333331,65.65000000000002,13.440666666666669,73.71766666666667,235.3,30.0
20407,2.04738,41.3831,25,32,2015,324,2015-11-20,95,Senescencia / caída de hojas,CC BY-NC 4.0,15.194333333333333,20.441,11.569666666666668,39.05,9.948333333333334,74.35333333333332,155.82999999999998,30.0
20407,2.04738,41.3831,25,32,2016,81,2016-03-21,11,Brotación / desarrollo foliar,CC BY-NC 4.0,8.833333333333334,14.465,4.240666666666667,60.28,13.524333333333336,69.00800000000001,7.280000000000001,30.0
20407,2.04738,41.3831,25,32,2016,224,2016-08-11,85,Envero / maduración,CC BY-NC 4.0,24.824666666666666,30.763666666666666,19.765000000000004,18.39,25.483666666666668,59.34400000000001,444.74000000000007,30.0
20407,2.04738,41.3831,25,32,2016,336,2016-12-01,91,Cosecha / post-cosecha,CC BY-NC 4.0,11.567666666666664,16.329,7.908666666666667,67.69000000000001,7.986333333333333,77.79233333333333,56.3,30.0
20407,2.04738,41.3831,25,32,2016,344,2016-12-09,95,Senescencia / caída de hojas,CC BY-NC 4.0,10.909666666666668,15.58833333333333,7.432666666666665,66.93,7.535333333333333,80.01566666666666,38.18000000000001,30.0
20407,2.04738,41.3831,25,32,2017,71,2017-03-12,11,Brotación / desarrollo foliar,CC BY-NC 4.0,11.355,16.847333333333335,7.079666666666667,36.7,12.351,73.83266666666667,48.19,30.0
20407,2.04738,41.3831,25,32,2017,188,2017-07-07,85,Envero / maduración,CC BY-NC 4.0,24.810333333333336,30.494000000000007,19.519,13.23,28.028666666666663,55.74733333333333,444.31,30.0
20407,2.04738,41.3831,25,32,2017,281,2017-10-08,91,Cosecha / post-cosecha,CC BY-NC 4.0,19.309000000000005,24.40666666666668,15.379666666666669,46.830000000000005,14.456666666666669,72.41100000000002,279.27,30.0
20407,2.04738,41.3831,25,32,2017,294,2017-10-21,95,Senescencia / caída de hojas,CC BY-NC 4.0,19.254,23.988666666666663,15.957666666666666,75.16000000000001,13.099333333333332,77.42099999999999,277.61999999999995,30.0
20407,2.04738,41.3831,25,32,2018,90,2018-03-31,11,Brotación / desarrollo foliar,CC BY-NC 4.0,9.702,15.389999999999995,4.961,60.95,15.646333333333336,70.77533333333332,23.72,30.0
20407,2.04738,41.3831,25,32,2018,199,2018-07-18,85,Envero / maduración,CC BY-NC 4.0,24.56600000000001,29.757,19.92866666666667,23.53,26.85466666666667,63.663,436.98,30.0
20407,2.04738,41.3831,25,32,2018,274,2018-10-01,91,Cosecha / post-cosecha,CC BY-NC 4.0,22.16233333333333,26.91533333333333,18.404333333333337,38.0,16.43333333333333,73.17133333333335,364.87,30.0
20407,2.04738,41.3831,25,32,2018,291,2018-10-18,95,Senescencia / caída de hojas,CC BY-NC 4.0,19.673,24.60666666666667,15.750666666666666,96.28000000000002,14.126333333333331,73.74,290.19,30.0
20407,2.04738,41.3831,25,32,2019,89,2019-03-30,11,Brotación / desarrollo foliar,CC BY-NC 4.0,11.690666666666663,18.19233333333333,6.613333333333333,4.28,17.814333333333334,67.20733333333332,51.99,30.0
20407,2.04738,41.3831,25,32,2019,205,2019-07-24,85,Envero / maduración,CC BY-NC 4.0,26.398000000000003,32.181,21.244333333333334,20.76,26.184,57.521999999999984,491.94,30.0
20407,2.04738,41.3831,25,32,2019,251,2019-09-08,91,Cosecha / post-cosecha,CC BY-NC 4.0,24.109666666666666,29.06,20.05433333333333,127.18,20.661,66.534,423.29,30.0
20407,2.04738,41.3831,25,32,2019,269,2019-09-26,95,Senescencia / caída de hojas,CC BY-NC 4.0,22.049000000000003,27.00633333333333,18.002000000000002,120.35,17.487666666666662,67.93633333333334,361.4700000000001,30.0
20407,2.04738,41.3831,25,32,2020,217,2020-08-04,85,Envero / maduración,CC BY-NC 4.0,24.850666666666665,29.847,20.612666666666662,43.38,24.993666666666662,67.47099999999999,445.52,30.0
20407,2.04738,41.3831,25,32,2020,273,2020-09-29,91,Cosecha / post-cosecha,CC BY-NC 4.0,20.99533333333333,26.08466666666667,16.793333333333333,74.63000000000001,16.958000000000002,68.18533333333333,329.86,30.0
20407,2.04738,41.3831,25,32,2020,298,2020-10-24,95,Senescencia / caída de hojas,CC BY-NC 4.0,15.52866666666667,20.670000000000005,11.058333333333334,62.00999999999999,13.091,72.06933333333333,165.86000000000004,30.0
20411,1.60442,41.2682,166,172,2018,77,2018-03-18,11,Brotación / desarrollo foliar,CC BY-NC 4.0,8.828666666666665,13.871333333333334,4.792666666666667,49.74999999999999,12.752,74.82266666666668,16.349999999999994,30.0
20411,1.60442,41.2682,166,172,2018,266,2018-09-23,91,Cosecha / post-cosecha,CC BY-NC 4.0,22.839,27.25633333333333,19.427,65.39000000000001,17.941000000000006,75.15033333333334,385.17,30.0
20411,1.60442,41.2682,166,172,2019,81,2019-03-22,11,Brotación / desarrollo foliar,CC BY-NC 4.0,11.60266666666667,18.179,6.700333333333334,4.27,16.881,68.86866666666667,50.06,30.0
20411,1.60442,41.2682,166,172,2019,265,2019-09-22,91,Cosecha / post-cosecha,CC BY-NC 4.0,22.563,27.46833333333333,18.58533333333333,131.07999999999998,18.137,67.222,376.89,30.0
20411,1.60442,41.2682,166,172,2020,74,2020-03-14,11,Brotación / desarrollo foliar,CC BY-NC 4.0,11.379,17.034333333333333,6.972333333333333,13.64,14.023,74.31966666666668,44.58,30.0
20411,1.60442,41.2682,166,172,2020,262,2020-09-18,91,Cosecha / post-cosecha,CC BY-NC 4.0,23.038666666666664,28.022333333333336,19.16633333333333,96.64,20.06433333333333,69.929,391.16,30.0
20419,2.53512,42.1493,610,615,2015,114,2015-04-24,11,Brotación / desarrollo foliar,CC BY-NC 4.0,11.656,19.052333333333333,5.206000000000001,15.53,19.739,66.066,65.04999999999998,30.0
20419,2.53512,42.1493,610,615,2015,207,2015-07-26,85,Envero / maduración,CC BY-NC 4.0,25.985000000000007,33.14533333333333,19.35333333333333,3.79,25.27800000000001,51.58366666666667,479.55,30.0
20419,2.53512,42.1493,610,615,2015,245,2015-09-02,91,Cosecha / post-cosecha,CC BY-NC 4.0,22.064666666666664,28.33133333333333,16.62766666666667,54.54,19.543000000000003,67.92733333333334,361.94,30.0
20419,2.53512,42.1493,610,615,2015,263,2015-09-20,95,Senescencia / caída de hojas,CC BY-NC 4.0,19.448666666666664,25.633666666666667,14.340999999999998,27.890000000000004,16.819666666666667,69.05833333333332,283.46000000000004,30.0
20419,2.53512,42.1493,610,615,2016,108,2016-04-17,11,Brotación / desarrollo foliar,CC BY-NC 4.0,11.166666666666666,17.937,5.608000000000001,39.75,16.547666666666668,66.74366666666667,44.59,30.0
20419,2.53512,42.1493,610,615,2016,203,2016-07-21,85,Envero / maduración,CC BY-NC 4.0,23.33600000000001,30.18233333333334,16.717,3.81,24.565666666666665,54.294,400.08,30.0
20419,2.53512,42.1493,610,615,2016,217,2016-08-04,91,Cosecha / post-cosecha,CC BY-NC 4.0,23.84933333333333,31.057,16.954666666666665,8.899999999999999,24.150666666666663,54.749333333333325,415.48,30.0
20419,2.53512,42.1493,610,615,2016,231,2016-08-18,95,Senescencia / caída de hojas,CC BY-NC 4.0,23.535999999999994,31.040000000000003,16.502,18.69,22.990666666666662,54.84566666666665,406.0800000000001,30.0
20419,2.53512,42.1493,610,615,2017,96,2017-04-06,11,Brotación / desarrollo foliar,CC BY-NC 4.0,11.233333333333336,18.18533333333333,5.762666666666667,48.540000000000006,16.201333333333334,67.06033333333333,48.49999999999999,30.0
20419,2.53512,42.1493,610,615,2017,194,2017-07-13,85,Envero / maduración,CC BY-NC 4.0,23.768,30.80433333333333,16.842333333333336,42.46000000000001,23.949666666666666,55.888,413.04,30.0
20419,2.53512,42.1493,610,615,2017,239,2017-08-27,91,Cosecha / post-cosecha,CC BY-NC 4.0,23.728000000000005,30.716666666666672,17.461666666666666,26.610000000000003,21.306333333333328,59.30533333333334,411.84,30.0
20419,2.53512,42.1493,610,615,2017,271,2017-09-28,95,Senescencia / caída de hojas,CC BY-NC 4.0,17.149666666666665,23.24,11.983666666666666,57.1,14.865333333333334,72.83666666666666,214.49,30.0
20419,2.53512,42.1493,610,615,2018,109,2018-04-19,11,Brotación / desarrollo foliar,CC BY-NC 4.0,9.346666666666668,15.24033333333333,4.343999999999999,119.07,15.574,73.04866666666666,25.8,30.0
20419,2.53512,42.1493,610,615,2018,196,2018-07-15,85,Envero / maduración,CC BY-NC 4.0,22.659333333333333,29.042666666666666,16.4,23.590000000000003,25.60233333333333,62.15933333333334,379.78,30.0
20419,2.53512,42.1493,610,615,2018,252,2018-09-09,91,Cosecha / post-cosecha,CC BY-NC 4.0,21.422666666666668,27.40033333333333,16.342333333333332,85.59,19.50333333333333,70.27500000000002,342.67999999999995,30.0
20419,2.53512,42.1493,610,615,2018,273,2018-09-30,95,Senescencia / caída de hojas,CC BY-NC 4.0,19.985000000000003,26.259000000000004,15.127,33.93000000000001,16.755999999999997,73.00133333333333,299.54999999999995,30.0
20419,2.53512,42.1493,610,615,2019,101,2019-04-11,11,Brotación / desarrollo foliar,CC BY-NC 4.0,9.274333333333333,16.141333333333336,3.3966666666666665,42.34,17.079333333333334,65.598,16.310000000000002,30.0
20419,2.53512,42.1493,610,615,2019,209,2019-07-28,85,Envero / maduración,CC BY-NC 4.0,25.13333333333333,31.909333333333336,18.674,59.08,23.635,55.828,454.0,30.0
20419,2.53512,42.1493,610,615,2019,290,2019-10-17,91,Cosecha / post-cosecha,CC BY-NC 4.0,17.777666666666665,24.15733333333333,12.747666666666666,22.680000000000003,13.736,72.65033333333334,233.33,30.0
20419,2.53512,42.1493,610,615,2019,300,2019-10-27,95,Senescencia / caída de hojas,CC BY-NC 4.0,15.961333333333334,22.16266666666667,10.947,94.95,11.998333333333331,75.84266666666669,178.84000000000003,30.0
20419,2.53512,42.1493,610,615,2020,103,2020-04-12,11,Brotación / desarrollo foliar,CC BY-NC 4.0,8.761,14.07,4.149,71.6,14.736666666666668,79.59466666666667,9.46,30.0
20419,2.53512,42.1493,610,615,2020,275,2020-10-01,95,Senescencia / caída de hojas,CC BY-NC 4.0,18.094999999999995,24.395,12.942,68.11,15.815666666666669,70.747,242.85,30.0
20426,2.0969,41.9869,572,561,2013,119,2013-04-29,11,Brotación / desarrollo foliar,CC BY-NC 4.0,10.167000000000003,16.591333333333335,4.084999999999999,65.03999999999999,18.02800000000001,66.008,42.95,30.0
20426,2.0969,41.9869,572,561,2013,240,2013-08-28,85,Envero / maduración,CC BY-NC 4.0,22.148666666666667,28.969,16.032333333333334,20.32,22.41133333333333,58.25566666666667,364.46,30.0
20426,2.0969,41.9869,572,561,2013,243,2013-08-31,91,Cosecha / post-cosecha,CC BY-NC 4.0,21.69033333333333,28.416333333333338,15.695333333333334,23.09,21.529333333333334,58.588,350.71,30.0
20426,2.0969,41.9869,572,561,2013,247,2013-09-04,95,Senescencia / caída de hojas,CC BY-NC 4.0,21.138,28.066333333333333,15.079,23.03,21.19266666666666,58.52266666666666,334.14,30.0
20426,2.0969,41.9869,572,561,2014,109,2014-04-19,11,Brotación / desarrollo foliar,CC BY-NC 4.0,11.349333333333334,18.44333333333333,5.1436666666666655,31.63,17.959333333333337,62.65533333333333,74.1,30.0
20426,2.0969,41.9869,572,561,2014,222,2014-08-10,91,Cosecha / post-cosecha,CC BY-NC 4.0,22.298,29.162666666666663,15.682999999999998,23.800000000000008,23.762666666666664,55.59833333333333,368.94,30.0
20426,2.0969,41.9869,572,561,2014,228,2014-08-16,95,Senescencia / caída de hojas,CC BY-NC 4.0,21.94533333333333,28.63233333333334,15.609333333333332,24.000000000000004,22.886666666666667,57.21966666666667,358.36,30.0
20426,2.0969,41.9869,572,561,2015,118,2015-04-28,11,Brotación / desarrollo foliar,CC BY-NC 4.0,11.796333333333331,19.01233333333333,5.617666666666668,28.59,20.518000000000008,61.93299999999999,62.46,30.0
20426,2.0969,41.9869,572,561,2015,216,2015-08-04,91,Cosecha / post-cosecha,CC BY-NC 4.0,25.039666666666665,31.957000000000004,18.639000000000003,27.57,24.712,53.299,451.19000000000005,30.0
20426,2.0969,41.9869,572,561,2015,243,2015-08-31,95,Senescencia / caída de hojas,CC BY-NC 4.0,21.94133333333334,28.663,15.97,48.18,21.9,61.144,358.2399999999999,30.0
20426,2.0969,41.9869,572,561,2016,119,2016-04-28,11,Brotación / desarrollo foliar,CC BY-NC 4.0,10.299666666666663,16.775,4.738666666666665,62.760000000000005,19.071000000000005,66.16333333333333,26.21999999999999,30.0
20426,2.0969,41.9869,572,561,2016,244,2016-08-31,85,Envero / maduración,CC BY-NC 4.0,22.76833333333333,30.507,16.063666666666666,14.72,23.294666666666664,51.58866666666666,383.05000000000007,30.0
20426,2.0969,41.9869,572,561,2016,260,2016-09-16,91,Cosecha / post-cosecha,CC BY-NC 4.0,22.17933333333333,29.31266666666667,16.214,22.05,20.508666666666667,54.97666666666667,365.38,30.0
20426,2.0969,41.9869,572,561,2016,272,2016-09-28,95,Senescencia / caída de hojas,CC BY-NC 4.0,19.349,26.091,13.746666666666668,34.23,17.35,60.38600000000001,280.47,30.0
20426,2.0969,41.9869,572,561,2017,106,2017-04-16,11,Brotación / desarrollo foliar,CC BY-NC 4.0,11.199000000000002,18.19933333333333,5.1066666666666665,59.75,19.69033333333333,63.70366666666666,59.49,30.0
20426,2.0969,41.9869,572,561,2017,216,2017-08-04,91,Cosecha / post-cosecha,CC BY-NC 4.0,23.95266666666667,31.009,17.21033333333333,37.07999999999999,24.421,53.35633333333333,418.58,30.0
20426,2.0969,41.9869,572,561,2017,231,2017-08-19,95,Senescencia / caída de hojas,CC BY-NC 4.0,23.106666666666666,30.04966666666667,16.706333333333333,35.25000000000001,23.124666666666663,55.76966666666667,393.2,30.0
20426,2.0969,41.9869,572,561,2018,130,2018-05-10,11,Brotación / desarrollo foliar,CC BY-NC 4.0,12.650333333333334,18.611,7.170333333333334,105.89,19.190999999999995,69.536,98.74,30.0
20426,2.0969,41.9869,572,561,2018,240,2018-08-28,85,Envero / maduración,CC BY-NC 4.0,22.354333333333333,28.302000000000003,16.892999999999997,78.69,21.784666666666663,66.83200000000001,370.63,30.0
20426,2.0969,41.9869,572,561,2018,247,2018-09-04,91,Cosecha / post-cosecha,CC BY-NC 4.0,21.059,26.811333333333334,15.984666666666666,99.39,19.85333333333333,70.92133333333332,331.7699999999999,30.0
20426,2.0969,41.9869,572,561,2018,259,2018-09-16,95,Senescencia / caída de hojas,CC BY-NC 4.0,20.160000000000004,26.008666666666663,15.229333333333331,55.35999999999999,17.91266666666667,70.58833333333334,304.8,30.0
20426,2.0969,41.9869,572,561,2019,136,2019-05-16,11,Brotación / desarrollo foliar,CC BY-NC 4.0,11.806333333333331,18.329,5.448666666666666,60.55,20.49233333333333,65.14666666666666,60.86000000000001,30.0
20426,2.0969,41.9869,572,561,2019,240,2019-08-28,85,Envero / maduración,CC BY-NC 4.0,22.56666666666667,28.9,16.970666666666666,45.76,22.55233333333333,61.048,377.0,30.0
20426,2.0969,41.9869,572,561,2019,289,2019-10-16,91,Cosecha / post-cosecha,CC BY-NC 4.0,17.016333333333332,23.561,11.939333333333334,22.01,14.833,69.75466666666665,210.49,30.0
20426,2.0969,41.9869,572,561,2019,314,2019-11-10,95,Senescencia / caída de hojas,CC BY-NC 4.0,11.713,17.598333333333336,7.101,96.0,10.393666666666668,76.94666666666667,76.88999999999999,30.0
20426,2.0969,41.9869,572,561,2020,116,2020-04-25,11,Brotación / desarrollo foliar,CC BY-NC 4.0,10.086333333333334,15.455666666666666,5.342666666666667,144.83,16.183,76.088,33.94,30.0
20426,2.0969,41.9869,572,561,2020,257,2020-09-13,95,Senescencia / caída de hojas,CC BY-NC 4.0,20.07633333333333,26.32933333333333,14.477666666666664,96.34,19.982000000000006,67.35400000000001,302.29,30.0
20428,0.85732,41.1894,316,308,2013,103,2013-04-13,11,Brotación / desarrollo foliar,CC BY-NC 4.0,12.019999999999998,17.841,6.885666666666668,19.3,18.49633333333333,68.854,70.91000000000001,30.0
20428,0.85732,41.1894,316,308,2013,215,2013-08-03,85,Envero / maduración,CC BY-NC 4.0,25.91333333333333,31.804666666666662,20.67233333333333,18.24,26.50266666666668,61.31833333333332,477.4,30.0
20428,0.85732,41.1894,316,308,2013,273,2013-09-30,91,Cosecha / post-cosecha,CC BY-NC 4.0,21.494333333333334,27.797,16.289,16.52,18.970333333333333,65.69866666666667,344.83,30.0
20428,0.85732,41.1894,316,308,2013,307,2013-11-03,95,Senescencia / caída de hojas,CC BY-NC 4.0,17.903333333333332,24.04533333333334,13.299333333333337,7.93,13.145666666666669,67.95733333333332,237.1,30.0
20428,0.85732,41.1894,316,308,2014,83,2014-03-24,11,Brotación / desarrollo foliar,CC BY-NC 4.0,10.907333333333334,17.254,5.884666666666667,4.640000000000001,15.928000000000004,68.41533333333334,38.76,30.0
20428,0.85732,41.1894,316,308,2014,208,2014-07-27,85,Envero / maduración,CC BY-NC 4.0,23.82233333333333,30.207,17.958333333333332,19.85,26.655,58.278000000000006,414.6700000000001,30.0
20428,0.85732,41.1894,316,308,2014,305,2014-11-01,95,Senescencia / caída de hojas,CC BY-NC 4.0,18.98433333333333,25.08233333333333,14.682666666666668,17.58,12.777333333333331,71.62299999999999,269.53,30.0
20428,0.85732,41.1894,316,308,2015,89,2015-03-30,11,Brotación / desarrollo foliar,CC BY-NC 4.0,11.347666666666669,16.972,6.7156666666666665,61.27,15.519000000000002,71.50033333333334,53.900000000000006,30.0
20428,0.85732,41.1894,316,308,2015,202,2015-07-21,85,Envero / maduración,CC BY-NC 4.0,26.87066666666667,33.69766666666666,20.824666666666666,5.78,27.11,58.206,506.12,30.0
20428,0.85732,41.1894,316,308,2015,305,2015-11-01,95,Senescencia / caída de hojas,CC BY-NC 4.0,16.50166666666667,21.809,12.418666666666669,17.029999999999998,11.846666666666664,74.127,195.04999999999995,30.0
20428,0.85732,41.1894,316,308,2016,87,2016-03-27,11,Brotación / desarrollo foliar,CC BY-NC 4.0,9.622000000000003,15.234333333333332,5.206333333333334,52.66,15.329,68.44433333333335,21.11,30.0
20428,0.85732,41.1894,316,308,2016,203,2016-07-21,85,Envero / maduración,CC BY-NC 4.0,25.004,31.65133333333333,19.138,2.94,27.78633333333333,55.929,450.12,30.0
20428,0.85732,41.1894,316,308,2016,306,2016-11-01,95,Senescencia / caída de hojas,CC BY-NC 4.0,17.584333333333333,22.997333333333337,13.589333333333334,43.5,11.021000000000004,75.46333333333332,227.53,30.0
20428,0.85732,41.1894,316,308,2017,83,2017-03-24,11,Brotación / desarrollo foliar,CC BY-NC 4.0,12.226999999999997,18.93933333333333,7.106333333333334,51.13,16.041,68.87166666666668,71.49000000000001,30.0
20428,0.85732,41.1894,316,308,2017,196,2017-07-15,85,Envero / maduración,CC BY-NC 4.0,25.473666666666663,31.864333333333327,19.510666666666665,12.8,27.356666666666666,57.691,464.21,30.0
20428,0.85732,41.1894,316,308,2017,305,2017-11-01,95,Senescencia / caída de hojas,CC BY-NC 4.0,17.996000000000002,24.27133333333333,13.408,33.74,13.956333333333331,71.69766666666666,239.88,30.0
20428,0.85732,41.1894,316,308,2018,86,2018-03-27,11,Brotación / desarrollo foliar,CC BY-NC 4.0,9.897333333333334,15.521666666666668,5.4270000000000005,51.84,13.863333333333337,68.78099999999999,26.77,30.0
20428,0.85732,41.1894,316,308,2018,202,2018-07-21,85,Envero / maduración,CC BY-NC 4.0,25.674,31.88566666666667,20.25166666666667,19.94,27.476666666666667,60.61066666666667,470.22,30.0
20428,0.85732,41.1894,316,308,2018,313,2018-11-09,95,Senescencia / caída de hojas,CC BY-NC 4.0,14.548666666666666,19.557,10.484,187.88,10.117333333333336,77.33733333333333,140.12999999999997,30.0
20428,0.85732,41.1894,316,308,2019,83,2019-03-24,11,Brotación / desarrollo foliar,CC BY-NC 4.0,11.984666666666667,19.00333333333333,6.467,1.27,17.600666666666665,64.54466666666666,59.59,30.0
20428,0.85732,41.1894,316,308,2019,208,2019-07-27,85,Envero / maduración,CC BY-NC 4.0,26.948333333333338,33.635666666666665,20.95833333333333,20.56,26.25633333333333,54.379,508.45,30.0
20428,0.85732,41.1894,316,308,2019,322,2019-11-18,95,Senescencia / caída de hojas,CC BY-NC 4.0,13.253999999999998,18.008333333333333,9.434666666666669,96.36,9.251666666666663,73.38866666666668,109.59,30.0
20428,0.85732,41.1894,316,308,2020,78,2020-03-18,11,Brotación / desarrollo foliar,CC BY-NC 4.0,11.965333333333335,18.250333333333334,7.011333333333334,26.67,13.993999999999998,70.63799999999999,62.64999999999999,30.0
20428,0.85732,41.1894,316,308,2020,203,2020-07-21,85,Envero / maduración,CC BY-NC 4.0,24.52666666666666,30.891,18.89833333333333,24.5,27.988666666666667,64.444,435.80000000000007,30.0
20428,0.85732,41.1894,316,308,2020,323,2020-11-18,95,Senescencia / caída de hojas,CC BY-NC 4.0,14.903,20.24833333333333,10.767666666666669,91.65,9.066666666666665,75.96466666666666,147.09,30.0
20430,0.66664,41.2876,343,346,2013,110,2013-04-20,11,Brotación / desarrollo foliar,CC BY-NC 4.0,12.366,19.10033333333333,6.423666666666667,21.98,19.892333333333333,68.13133333333333,79.92999999999999,30.0
20430,0.66664,41.2876,343,346,2013,226,2013-08-14,85,Envero / maduración,CC BY-NC 4.0,25.717,33.17366666666666,19.036,14.43,25.276,56.86933333333333,471.50999999999993,30.0
20430,0.66664,41.2876,343,346,2013,294,2013-10-21,91,Cosecha / post-cosecha,CC BY-NC 4.0,19.153,25.93466666666667,13.951999999999998,14.58,14.690000000000005,69.50566666666667,274.59,30.0
20430,0.66664,41.2876,343,346,2013,317,2013-11-13,95,Senescencia / caída de hojas,CC BY-NC 4.0,15.984000000000002,22.332000000000004,11.287,4.19,11.085333333333336,69.01833333333333,179.67000000000002,30.0
20430,0.66664,41.2876,343,346,2014,114,2014-04-24,11,Brotación / desarrollo foliar,CC BY-NC 4.0,14.224333333333334,21.276,8.379333333333333,47.61,19.414,67.99633333333333,130.17999999999998,30.0
20430,0.66664,41.2876,343,346,2014,221,2014-08-09,85,Envero / maduración,CC BY-NC 4.0,25.008333333333333,32.506,18.091,9.88,25.89066666666667,53.917,450.25,30.0
20430,0.66664,41.2876,343,346,2014,294,2014-10-21,91,Cosecha / post-cosecha,CC BY-NC 4.0,18.439,24.65566666666667,13.67166666666667,56.67,13.256333333333332,72.778,253.17,30.0
20430,0.66664,41.2876,343,346,2014,303,2014-10-30,95,Senescencia / caída de hojas,CC BY-NC 4.0,18.017,25.028,13.036,16.049999999999997,12.999,70.71,240.51,30.0
20430,0.66664,41.2876,343,346,2015,117,2015-04-27,11,Brotación / desarrollo foliar,CC BY-NC 4.0,13.953333333333331,21.59733333333334,7.640666666666666,19.69,21.291999999999994,64.038,118.64,30.0
20430,0.66664,41.2876,343,346,2015,213,2015-08-01,85,Envero / maduración,CC BY-NC 4.0,27.676333333333336,35.61866666666667,20.55666666666667,25.21,26.048,50.975,530.29,30.0
20430,0.66664,41.2876,343,346,2015,270,2015-09-27,91,Cosecha / post-cosecha,CC BY-NC 4.0,20.055333333333333,26.993666666666662,14.376333333333337,40.11,17.732000000000003,62.43033333333334,301.66,30.0
20430,0.66664,41.2876,343,346,2015,313,2015-11-09,95,Senescencia / caída de hojas,CC BY-NC 4.0,14.445666666666662,20.57933333333333,9.601,51.830000000000005,10.710333333333333,76.39233333333333,133.37000000000003,30.0
20430,0.66664,41.2876,343,346,2016,115,2016-04-24,11,Brotación / desarrollo foliar,CC BY-NC 4.0,12.994666666666667,20.022,6.813333333333333,44.12,20.071000000000005,64.474,91.55,30.0
20430,0.66664,41.2876,343,346,2016,222,2016-08-09,85,Envero / maduración,CC BY-NC 4.0,26.032333333333334,34.34,18.712333333333333,11.54,26.92,49.78433333333333,480.97,30.0
20430,0.66664,41.2876,343,346,2016,289,2016-10-15,91,Cosecha / post-cosecha,CC BY-NC 4.0,18.175666666666665,24.85966666666667,13.095999999999998,47.16,15.338333333333336,69.73666666666668,245.27,30.0
20430,0.66664,41.2876,343,346,2016,304,2016-10-30,95,Senescencia / caída de hojas,CC BY-NC 4.0,16.46933333333333,22.88766666666667,11.799000000000005,43.38999999999999,11.392,74.53433333333334,194.08,30.0
20430,0.66664,41.2876,343,346,2017,99,2017-04-09,11,Brotación / desarrollo foliar,CC BY-NC 4.0,12.041666666666668,19.52166666666666,6.087333333333334,52.05,19.018666666666668,67.76066666666667,71.08,30.0
20430,0.66664,41.2876,343,346,2017,213,2017-08-01,85,Envero / maduración,CC BY-NC 4.0,26.054333333333336,33.878,19.182,19.62,25.614666666666665,55.72933333333334,481.63,30.0
20430,0.66664,41.2876,343,346,2017,288,2017-10-15,91,Cosecha / post-cosecha,CC BY-NC 4.0,18.864,26.322333333333333,13.436666666666667,9.44,16.355999999999998,70.23933333333335,265.92,30.0
20430,0.66664,41.2876,343,346,2017,307,2017-11-03,95,Senescencia / caída de hojas,CC BY-NC 4.0,16.522333333333332,23.87033333333333,11.390999999999998,38.28999999999999,13.549666666666663,72.06500000000001,195.67,30.0
20430,0.66664,41.2876,343,346,2018,108,2018-04-18,11,Brotación / desarrollo foliar,CC BY-NC 4.0,10.701666666666666,17.365666666666662,4.863666666666668,86.63,17.108999999999998,69.16066666666667,46.27000000000001,30.0
20430,0.66664,41.2876,343,346,2018,218,2018-08-06,85,Envero / maduración,CC BY-NC 4.0,27.16933333333333,35.14733333333333,20.15233333333333,35.14,26.868,55.651,515.08,30.0
20430,0.66664,41.2876,343,346,2018,294,2018-10-21,91,Cosecha / post-cosecha,CC BY-NC 4.0,18.412333333333336,25.131666666666668,13.149666666666668,117.61999999999998,14.82566666666667,69.85233333333332,252.37,30.0
20430,0.66664,41.2876,343,346,2018,319,2018-11-15,95,Senescencia / caída de hojas,CC BY-NC 4.0,12.23733333333333,17.885666666666665,7.898,135.03000000000003,9.338333333333331,79.60000000000001,80.28999999999999,30.0
20430,0.66664,41.2876,343,346,2019,111,2019-04-21,11,Brotación / desarrollo foliar,CC BY-NC 4.0,11.776666666666666,18.79533333333334,6.006666666666665,28.06,18.795666666666666,62.873000000000005,59.43000000000001,30.0
20430,0.66664,41.2876,343,346,2019,218,2019-08-06,85,Envero / maduración,CC BY-NC 4.0,26.148,34.142,19.099666666666668,31.13,25.619333333333337,52.76466666666668,484.44000000000005,30.0
20430,0.66664,41.2876,343,346,2019,282,2019-10-09,91,Cosecha / post-cosecha,CC BY-NC 4.0,20.687666666666665,28.079000000000004,14.918666666666669,21.9,16.823999999999998,62.16833333333332,320.62999999999994,30.0
20430,0.66664,41.2876,343,346,2019,310,2019-11-06,95,Senescencia / caída de hojas,CC BY-NC 4.0,15.584666666666667,21.474,10.772666666666664,115.99,11.016666666666664,74.948,167.54,30.0
20430,0.66664,41.2876,343,346,2020,109,2020-04-18,11,Brotación / desarrollo foliar,CC BY-NC 4.0,11.193333333333332,17.016000000000002,6.46,71.46,15.861666666666668,76.15333333333335,50.64,30.0
20430,0.66664,41.2876,343,346,2020,216,2020-08-03,85,Envero / maduración,CC BY-NC 4.0,26.116333333333333,34.04366666666667,19.06066666666667,14.010000000000002,27.114,56.010000000000005,483.49,30.0
20430,0.66664,41.2876,343,346,2020,275,2020-10-01,91,Cosecha / post-cosecha,CC BY-NC 4.0,20.188666666666663,27.014,14.560333333333334,31.62,18.438666666666663,65.66633333333334,305.6600000000001,30.0
20430,0.66664,41.2876,343,346,2020,295,2020-10-21,95,Senescencia / caída de hojas,CC BY-NC 4.0,14.882333333333332,21.680333333333337,9.364666666666666,24.59,14.830666666666668,68.19466666666668,147.75,30.0
20431,0.74263,41.084,229,198,2013,243,2013-08-31,85,Envero / maduración,CC BY-NC 4.0,24.486333333333327,30.62633333333333,19.216666666666665,19.03,22.832666666666668,63.27566666666668,434.59,30.0
20431,0.74263,41.084,229,198,2014,243,2014-08-31,85,Envero / maduración,CC BY-NC 4.0,24.357000000000003,30.205666666666666,19.533333333333328,38.7,22.59499999999999,66.36666666666667,430.71,30.0
20431,0.74263,41.084,229,198,2015,247,2015-09-04,85,Envero / maduración,CC BY-NC 4.0,24.12933333333333,29.596666666666668,19.641,54.28000000000001,21.214,66.72000000000001,423.8800000000001,30.0
20431,0.74263,41.084,229,198,2016,239,2016-08-26,85,Envero / maduración,CC BY-NC 4.0,25.701999999999995,32.62233333333334,20.10833333333333,6.54,25.34766666666667,57.88133333333333,471.06000000000006,30.0
20431,0.74263,41.084,229,198,2017,230,2017-08-18,85,Envero / maduración,CC BY-NC 4.0,25.447333333333333,31.68533333333333,20.16533333333333,20.52,24.110333333333333,61.63766666666666,463.42,30.0
20431,0.74263,41.084,229,198,2018,235,2018-08-23,85,Envero / maduración,CC BY-NC 4.0,26.581,32.839333333333336,21.442666666666664,40.91,24.790000000000003,63.364333333333335,497.43000000000006,30.0
20431,0.74263,41.084,229,198,2019,231,2019-08-19,85,Envero / maduración,CC BY-NC 4.0,26.32933333333333,33.067,20.61133333333333,19.180000000000003,25.04633333333334,57.385,489.88000000000005,30.0
20431,0.74263,41.084,229,198,2020,238,2020-08-25,85,Envero / maduración,CC BY-NC 4.0,26.91066666666666,33.34966666666667,21.34733333333333,7.249999999999999,24.406666666666663,59.211333333333336,507.32,30.0
20434,2.10392,42.318,1151,1169,2013,107,2013-04-17,11,Brotación / desarrollo foliar,CC BY-NC 4.0,2.4516666666666667,7.588666666666667,-2.094666666666666,62.47,15.233,82.28266666666666,0.4299999999999997,30.0
20434,2.10392,42.318,1151,1169,2014,152,2014-06-01,11,Brotación / desarrollo foliar,CC BY-NC 4.0,6.738666666666665,12.480666666666666,1.1123333333333334,48.17999999999999,21.02833333333333,75.06766666666667,5.379999999999999,30.0
20434,2.10392,42.318,1151,1169,2014,246,2014-09-03,85,Envero / maduración,CC BY-NC 4.0,14.022333333333332,20.91033333333333,7.751333333333334,41.54999999999999,18.62033333333333,69.48366666666666,120.67,30.0
20434,2.10392,42.318,1151,1169,2014,276,2014-10-03,91,Cosecha / post-cosecha,CC BY-NC 4.0,12.084666666666664,18.398333333333333,6.777666666666665,34.760000000000005,15.093333333333332,72.47,68.67999999999998,30.0
20434,2.10392,42.318,1151,1169,2014,285,2014-10-12,95,Senescencia / caída de hojas,CC BY-NC 4.0,10.788666666666666,16.817666666666664,6.018000000000001,39.98999999999999,13.914333333333332,76.28766666666667,32.25,30.0
20434,2.10392,42.318,1151,1169,2015,105,2015-04-15,11,Brotación / desarrollo foliar,CC BY-NC 4.0,1.976,7.008333333333332,-2.620333333333333,49.54,17.590666666666667,80.84166666666667,0.0,30.0
20434,2.10392,42.318,1151,1169,2015,212,2015-07-31,85,Envero / maduración,CC BY-NC 4.0,17.921666666666667,25.238666666666663,10.66566666666667,47.86,23.586333333333336,59.614333333333335,237.65000000000003,30.0
20434,2.10392,42.318,1151,1169,2015,267,2015-09-24,91,Cosecha / post-cosecha,CC BY-NC 4.0,11.44,18.150666666666663,5.957333333333335,58.53999999999999,16.717333333333332,70.748,59.41,30.0
20434,2.10392,42.318,1151,1169,2015,293,2015-10-20,95,Senescencia / caída de hojas,CC BY-NC 4.0,7.201000000000001,13.340333333333332,2.2663333333333338,55.52,12.714,77.41066666666667,2.3500000000000014,30.0
20434,2.10392,42.318,1151,1169,2016,123,2016-05-02,11,Brotación / desarrollo foliar,CC BY-NC 4.0,2.573,7.592333333333332,-2.1006666666666667,79.27999999999999,18.662666666666667,82.415,0.0,30.0
20434,2.10392,42.318,1151,1169,2016,245,2016-09-01,85,Envero / maduración,CC BY-NC 4.0,15.639333333333331,23.489333333333327,8.701666666666666,24.620000000000005,22.24166666666667,60.688,171.31000000000003,30.0
20434,2.10392,42.318,1151,1169,2016,290,2016-10-16,91,Cosecha / post-cosecha,CC BY-NC 4.0,8.314666666666666,14.631333333333332,3.477333333333333,70.76000000000002,13.184333333333337,77.393,8.85,30.0
20434,2.10392,42.318,1151,1169,2017,102,2017-04-12,11,Brotación / desarrollo foliar,CC BY-NC 4.0,3.697666666666666,9.402666666666669,-1.395333333333333,65.60999999999999,17.932666666666663,76.88066666666667,0.0,30.0
20434,2.10392,42.318,1151,1169,2017,207,2017-07-26,85,Envero / maduración,CC BY-NC 4.0,14.642666666666663,21.565999999999995,8.191666666666668,66.25999999999999,23.009000000000004,66.77266666666667,147.73000000000002,30.0
20434,2.10392,42.318,1151,1169,2017,279,2017-10-06,91,Cosecha / post-cosecha,CC BY-NC 4.0,9.226333333333336,16.061666666666664,3.936,70.86999999999999,14.243,75.16833333333334,19.82,30.0
20434,2.10392,42.318,1151,1169,2017,291,2017-10-18,95,Senescencia / caída de hojas,CC BY-NC 4.0,9.851666666666668,17.203,4.166,66.91,14.373333333333331,70.74533333333332,22.070000000000007,30.0
20434,2.10392,42.318,1151,1169,2018,122,2018-05-02,11,Brotación / desarrollo foliar,CC BY-NC 4.0,4.696,9.747666666666667,0.1886666666666666,131.86999999999998,17.541333333333334,82.47100000000002,2.52,30.0
20434,2.10392,42.318,1151,1169,2018,246,2018-09-03,85,Envero / maduración,CC BY-NC 4.0,13.972,19.62066666666667,8.689333333333334,85.71,19.905,77.92066666666666,119.18,30.0
20434,2.10392,42.318,1151,1169,2018,268,2018-09-25,91,Cosecha / post-cosecha,CC BY-NC 4.0,12.973333333333333,18.99533333333334,7.9316666666666675,65.47000000000001,17.206999999999997,78.36200000000001,90.92,30.0
20434,2.10392,42.318,1151,1169,2018,279,2018-10-06,95,Senescencia / caída de hojas,CC BY-NC 4.0,11.253666666666668,17.539,5.968333333333332,26.880000000000003,16.338666666666665,78.08833333333334,57.1,30.0
20434,2.10392,42.318,1151,1169,2019,130,2019-05-10,11,Brotación / desarrollo foliar,CC BY-NC 4.0,3.964,9.372666666666666,-1.0416666666666667,73.95999999999998,17.976666666666667,79.85666666666665,0.0,30.0
20434,2.10392,42.318,1151,1169,2019,217,2019-08-05,85,Envero / maduración,CC BY-NC 4.0,16.707666666666665,23.63266666666667,9.955333333333334,65.76,23.40233333333333,62.44233333333332,201.23,30.0
20434,2.10392,42.318,1151,1169,2019,292,2019-10-19,91,Cosecha / post-cosecha,CC BY-NC 4.0,10.383333333333336,17.26833333333333,4.973,24.860000000000007,13.397000000000002,74.30166666666668,36.31,30.0
20434,2.10392,42.318,1151,1169,2019,311,2019-11-07,95,Senescencia / caída de hojas,CC BY-NC 4.0,6.982666666666668,12.132,2.4796666666666667,128.36,9.527666666666669,83.85333333333331,5.520000000000001,30.0
20434,2.10392,42.318,1151,1169,2020,103,2020-04-12,11,Brotación / desarrollo foliar,CC BY-NC 4.0,2.747666666666667,7.927666666666668,-1.4620000000000002,43.32,14.736666666666668,83.08566666666667,0.0,30.0
20434,2.10392,42.318,1151,1169,2020,234,2020-08-21,85,Envero / maduración,CC BY-NC 4.0,16.94066666666667,23.376666666666665,10.641666666666667,25.44,22.616,64.62800000000001,208.22000000000003,30.0
20434,2.10392,42.318,1151,1169,2020,275,2020-10-01,91,Cosecha / post-cosecha,CC BY-NC 4.0,10.257333333333335,16.059,5.214333333333332,77.58999999999999,15.815666666666669,76.73666666666666,50.39,30.0
20434,2.10392,42.318,1151,1169,2020,292,2020-10-18,95,Senescencia / caída de hojas,CC BY-NC 4.0,5.189333333333334,9.981333333333334,1.0053333333333334,131.70000000000002,12.363333333333337,85.52033333333333,4.029999999999998,30.0
20437,2.66386,41.8622,134,140,2014,84,2014-03-25,11,Brotación / desarrollo foliar,CC BY-NC 4.0,8.779666666666667,16.218666666666667,2.8466666666666667,10.329999999999998,15.430333333333332,60.37733333333335,21.57,30.0
20437,2.66386,41.8622,134,140,2014,231,2014-08-19,85,Envero / maduración,CC BY-NC 4.0,21.88,28.23733333333333,15.944,31.610000000000003,22.722,65.02066666666666,356.3999999999999,30.0
20437,2.66386,41.8622,134,140,2014,256,2014-09-13,91,Cosecha / post-cosecha,CC BY-NC 4.0,20.924333333333333,27.092,15.802333333333332,51.58,18.447666666666667,69.55166666666668,327.73,30.0
20437,2.66386,41.8622,134,140,2014,292,2014-10-19,95,Senescencia / caída de hojas,CC BY-NC 4.0,17.28066666666667,23.282333333333334,12.51266666666667,62.580000000000005,13.274,74.36066666666666,218.42,30.0
20437,2.66386,41.8622,134,140,2015,109,2015-04-19,11,Brotación / desarrollo foliar,CC BY-NC 4.0,10.581666666666669,17.413666666666668,4.774333333333335,66.25999999999999,18.77433333333333,69.29466666666667,46.120000000000005,30.0
20437,2.66386,41.8622,134,140,2015,235,2015-08-23,85,Envero / maduración,CC BY-NC 4.0,22.435666666666663,28.62066666666667,16.910999999999998,65.69,20.842666666666663,67.67933333333333,373.07,30.0
20437,2.66386,41.8622,134,140,2015,265,2015-09-22,91,Cosecha / post-cosecha,CC BY-NC 4.0,19.16766666666667,25.480333333333338,13.966,24.96,18.160666666666668,68.58266666666665,275.03000000000003,30.0
20437,2.66386,41.8622,134,140,2015,296,2015-10-23,95,Senescencia / caída de hojas,CC BY-NC 4.0,14.575666666666669,20.628,9.704333333333333,63.44,11.695,73.19533333333335,138.09,30.0
20437,2.66386,41.8622,134,140,2016,89,2016-03-29,11,Brotación / desarrollo foliar,CC BY-NC 4.0,7.491666666666668,14.264333333333337,2.2816666666666667,29.97,14.879333333333332,67.10000000000001,6.370000000000001,30.0
20437,2.66386,41.8622,134,140,2016,230,2016-08-17,85,Envero / maduración,CC BY-NC 4.0,23.564,31.20133333333333,16.356,18.620000000000005,24.771666666666665,54.17833333333333,406.9200000000001,30.0
20437,2.66386,41.8622,134,140,2016,265,2016-09-21,91,Cosecha / post-cosecha,CC BY-NC 4.0,21.611,28.659,15.595666666666666,24.960000000000004,19.249,57.59466666666667,348.3300000000001,30.0
20437,2.66386,41.8622,134,140,2016,358,2016-12-23,95,Senescencia / caída de hojas,CC BY-NC 4.0,7.273000000000001,12.495000000000005,3.293,48.97,6.689333333333333,81.05566666666667,0.3000000000000007,30.0
20437,2.66386,41.8622,134,140,2017,78,2017-03-19,11,Brotación / desarrollo foliar,CC BY-NC 4.0,10.049666666666663,17.541000000000004,4.401333333333334,23.74,14.687333333333331,68.132,31.82,30.0
20437,2.66386,41.8622,134,140,2017,225,2017-08-13,85,Envero / maduración,CC BY-NC 4.0,23.29233333333333,30.227000000000007,16.716,44.040000000000006,23.93466666666666,60.33,398.77,30.0
20437,2.66386,41.8622,134,140,2017,254,2017-09-11,91,Cosecha / post-cosecha,CC BY-NC 4.0,21.56233333333333,28.069666666666663,15.833666666666666,28.18,19.546333333333337,63.485000000000014,346.87,30.0
20437,2.66386,41.8622,134,140,2017,345,2017-12-11,95,Senescencia / caída de hojas,CC BY-NC 4.0,6.234999999999999,12.756,1.5983333333333334,8.79,7.864333333333332,65.55433333333335,2.43,30.0
20437,2.66386,41.8622,134,140,2018,86,2018-03-27,11,Brotación / desarrollo foliar,CC BY-NC 4.0,6.802666666666665,12.725666666666664,2.01,95.20000000000002,13.799666666666669,73.25766666666667,3.649999999999999,30.0
20437,2.66386,41.8622,134,140,2018,229,2018-08-17,85,Envero / maduración,CC BY-NC 4.0,24.253000000000004,30.395,18.45233333333333,100.82,23.235,64.969,427.5899999999999,30.0
20437,2.66386,41.8622,134,140,2018,325,2018-11-21,95,Senescencia / caída de hojas,CC BY-NC 4.0,10.101,14.822666666666668,6.371333333333333,181.68,7.853000000000001,85.089,35.79,30.0
20437,2.66386,41.8622,134,140,2019,84,2019-03-25,11,Brotación / desarrollo foliar,CC BY-NC 4.0,9.851333333333336,17.482666666666663,3.702333333333333,6.5,16.80566666666667,65.43633333333334,24.89,30.0
20437,2.66386,41.8622,134,140,2019,239,2019-08-27,85,Envero / maduración,CC BY-NC 4.0,23.366666666666667,30.07066666666666,17.41866666666667,24.41,22.769,60.27733333333333,401.00000000000006,30.0
20437,2.66386,41.8622,134,140,2019,278,2019-10-05,91,Cosecha / post-cosecha,CC BY-NC 4.0,18.875666666666667,25.43533333333333,13.655,51.6,16.357666666666667,65.84966666666668,266.27000000000004,30.0
20437,2.66386,41.8622,134,140,2019,339,2019-12-05,95,Senescencia / caída de hojas,CC BY-NC 4.0,7.361333333333333,12.968,3.1093333333333333,112.21,7.671333333333335,78.57199999999997,0.9799999999999986,30.0
20437,2.66386,41.8622,134,140,2020,83,2020-03-23,11,Brotación / desarrollo foliar,CC BY-NC 4.0,9.669333333333332,15.512666666666666,5.220000000000001,54.290000000000006,13.806666666666668,75.89166666666667,18.18,30.0
20437,2.66386,41.8622,134,140,2020,218,2020-08-05,85,Envero / maduración,CC BY-NC 4.0,22.94833333333333,29.126,16.85666666666667,51.19,24.90533333333333,66.50200000000001,388.4500000000001,30.0
20437,2.66386,41.8622,134,140,2020,271,2020-09-27,91,Cosecha / post-cosecha,CC BY-NC 4.0,18.332,24.369333333333326,13.239666666666665,114.46,16.853666666666665,70.72599999999998,249.96,30.0
20437,2.66386,41.8622,134,140,2020,336,2020-12-01,95,Senescencia / caída de hojas,CC BY-NC 4.0,10.401666666666667,15.721333333333332,6.599333333333333,159.36,7.56,81.92866666666667,29.410000000000004,30.0
20438,2.6658,41.8649,376,158,2013,226,2013-08-14,85,Envero / maduración,CC BY-NC 4.0,23.941,30.928,17.566333333333333,34.89,24.876,58.12966666666668,418.23,30.0
20438,2.6658,41.8649,376,158,2013,258,2013-09-15,91,Cosecha / post-cosecha,CC BY-NC 4.0,19.68533333333333,25.76066666666668,14.454333333333333,53.150000000000006,18.525666666666663,67.42566666666666,290.56,30.0
20438,2.6658,41.8649,376,158,2014,221,2014-08-09,85,Envero / maduración,CC BY-NC 4.0,22.256666666666668,28.794333333333327,16.056666666666665,43.26,23.875666666666667,62.98333333333334,367.7,30.0
20438,2.6658,41.8649,376,158,2015,102,2015-04-12,11,Brotación / desarrollo foliar,CC BY-NC 4.0,8.956,15.44466666666667,3.405,74.47,17.016333333333332,72.57466666666666,20.42,30.0
20438,2.6658,41.8649,376,158,2015,205,2015-07-24,85,Envero / maduración,CC BY-NC 4.0,25.907,33.11633333333334,19.21066666666667,3.3200000000000003,27.417000000000005,51.18600000000001,477.21,30.0
20438,2.6658,41.8649,376,158,2015,276,2015-10-03,91,Cosecha / post-cosecha,CC BY-NC 4.0,16.979,23.250333333333337,11.756666666666666,60.91,15.263666666666666,69.84966666666666,209.37,30.0
20438,2.6658,41.8649,376,158,2015,316,2015-11-12,95,Senescencia / caída de hojas,CC BY-NC 4.0,13.275,19.324,8.771333333333333,37.9,9.853666666666667,76.75800000000001,99.07,30.0
20438,2.6658,41.8649,376,158,2016,94,2016-04-03,11,Brotación / desarrollo foliar,CC BY-NC 4.0,8.05,14.675333333333333,2.8633333333333324,34.57,14.91933333333333,68.235,12.72,30.0
20438,2.6658,41.8649,376,158,2016,214,2016-08-01,85,Envero / maduración,CC BY-NC 4.0,23.74133333333333,30.87633333333333,16.901333333333334,8.549999999999999,26.293333333333337,54.46333333333333,412.24,30.0
20438,2.6658,41.8649,376,158,2016,283,2016-10-09,91,Cosecha / post-cosecha,CC BY-NC 4.0,17.485000000000003,23.670666666666666,12.300000000000002,46.28,15.023999999999996,69.44366666666666,224.55,30.0
20438,2.6658,41.8649,376,158,2016,314,2016-11-09,95,Senescencia / caída de hojas,CC BY-NC 4.0,12.902,18.441666666666663,8.717666666666666,94.48,9.273333333333332,76.22633333333334,98.64,30.0
20438,2.6658,41.8649,376,158,2017,80,2017-03-21,11,Brotación / desarrollo foliar,CC BY-NC 4.0,10.356,17.746333333333336,4.732666666666668,23.790000000000003,14.995333333333337,67.75566666666666,35.88,30.0
20438,2.6658,41.8649,376,158,2017,193,2017-07-12,85,Envero / maduración,CC BY-NC 4.0,23.798666666666666,30.814666666666664,16.861666666666665,42.43,27.229333333333333,55.27966666666667,413.96,30.0
20438,2.6658,41.8649,376,158,2017,264,2017-09-21,91,Cosecha / post-cosecha,CC BY-NC 4.0,18.834000000000003,25.106666666666666,13.377000000000002,49.01,17.056666666666665,68.32033333333334,265.02,30.0
20438,2.6658,41.8649,376,158,2017,305,2017-11-01,95,Senescencia / caída de hojas,CC BY-NC 4.0,15.847,22.959666666666667,10.51466666666667,57.6,12.640333333333333,72.35766666666667,175.41,30.0
20438,2.6658,41.8649,376,158,2018,213,2018-08-01,85,Envero / maduración,CC BY-NC 4.0,23.847,30.018,17.836333333333332,60.64999999999999,25.95266666666667,62.67599999999998,415.41,30.0
20438,2.6658,41.8649,376,158,2019,213,2019-08-01,85,Envero / maduración,CC BY-NC 4.0,24.41,31.129,18.032,58.540000000000006,24.766666666666666,57.39433333333332,432.3,30.0
20438,2.6658,41.8649,376,158,2019,244,2019-09-01,91,Cosecha / post-cosecha,CC BY-NC 4.0,23.489333333333327,30.257666666666665,17.636333333333333,25.44,21.89033333333333,60.017333333333326,404.68,30.0
20438,2.6658,41.8649,376,158,2019,282,2019-10-09,95,Senescencia / caída de hojas,CC BY-NC 4.0,18.73966666666667,25.306,13.588333333333331,46.36999999999998,15.450666666666669,66.59566666666666,262.19,30.0
20577,3.07688,41.8538,16,16,2014,92,2014-04-02,11,Brotación / desarrollo foliar,CC BY-NC 4.0,12.245666666666668,16.409666666666666,8.824000000000002,10.48,15.466666666666663,68.55966666666669,69.36,30.0
20577,3.07688,41.8538,16,16,2014,225,2014-08-13,91,Cosecha / post-cosecha,CC BY-NC 4.0,24.276333333333334,28.00033333333333,20.612666666666662,57.39,23.85366666666666,68.46366666666668,428.29,30.0
20577,3.07688,41.8538,16,16,2014,279,2014-10-06,95,Senescencia / caída de hojas,CC BY-NC 4.0,21.584333333333333,24.799,18.707666666666668,130.30000000000004,15.404333333333335,74.98933333333335,347.53,30.0
20577,3.07688,41.8538,16,16,2015,104,2015-04-14,11,Brotación / desarrollo foliar,CC BY-NC 4.0,12.441666666666665,16.173333333333336,9.086,73.28999999999999,17.62933333333333,74.06233333333334,76.92,30.0
20577,3.07688,41.8538,16,16,2015,213,2015-08-01,85,Envero / maduración,CC BY-NC 4.0,26.221,30.275666666666663,22.319666666666663,17.09,25.312,61.76133333333333,486.63000000000005,30.0
20577,3.07688,41.8538,16,16,2015,250,2015-09-07,91,Cosecha / post-cosecha,CC BY-NC 4.0,22.764333333333337,26.25,19.408,60.92,20.587333333333333,70.204,382.93,30.0
20577,3.07688,41.8538,16,16,2015,314,2015-11-10,95,Senescencia / caída de hojas,CC BY-NC 4.0,16.233,19.856,13.464333333333334,45.61000000000001,9.571666666666664,78.6666666666667,186.99,30.0
20577,3.07688,41.8538,16,16,2016,95,2016-04-04,11,Brotación / desarrollo foliar,CC BY-NC 4.0,11.225666666666664,15.152,7.984000000000001,42.13,14.601,71.70266666666666,49.86999999999999,30.0
20577,3.07688,41.8538,16,16,2016,203,2016-07-21,85,Envero / maduración,CC BY-NC 4.0,24.06433333333333,28.001666666666665,20.03533333333333,2.33,27.350666666666665,62.028000000000006,421.93,30.0
20577,3.07688,41.8538,16,16,2016,285,2016-10-11,91,Cosecha / post-cosecha,CC BY-NC 4.0,19.910666666666664,23.62133333333333,16.634,48.03,14.678333333333336,68.493,297.32,30.0
20577,3.07688,41.8538,16,16,2016,314,2016-11-09,95,Senescencia / caída de hojas,CC BY-NC 4.0,15.946333333333335,19.52466666666667,13.153333333333332,121.97,9.825,77.12066666666665,178.92000000000002,30.0
20577,3.07688,41.8538,16,16,2017,79,2017-03-20,11,Brotación / desarrollo foliar,CC BY-NC 4.0,12.782,17.366333333333333,9.389,28.96,14.769,72.62799999999999,84.4,30.0
20577,3.07688,41.8538,16,16,2017,205,2017-07-24,85,Envero / maduración,CC BY-NC 4.0,23.836,27.61133333333333,20.12266666666667,63.38,25.862666666666662,68.28533333333333,415.08,30.0
20577,3.07688,41.8538,16,16,2017,268,2017-09-25,91,Cosecha / post-cosecha,CC BY-NC 4.0,20.593000000000007,24.24633333333333,17.254666666666665,56.41,15.992,69.37633333333333,317.79,30.0
20577,3.07688,41.8538,16,16,2017,304,2017-10-31,95,Senescencia / caída de hojas,CC BY-NC 4.0,18.46633333333333,22.529,15.290666666666665,52.74,12.849333333333332,73.233,253.99,30.0
20577,3.07688,41.8538,16,16,2018,92,2018-04-02,11,Brotación / desarrollo foliar,CC BY-NC 4.0,11.066333333333336,14.884666666666668,7.822333333333334,68.83,15.645999999999995,73.126,41.930000000000014,30.0
20577,3.07688,41.8538,16,16,2018,213,2018-08-01,85,Envero / maduración,CC BY-NC 4.0,25.442000000000004,29.01233333333333,21.96,52.69,26.23333333333333,67.02133333333333,463.26,30.0
20577,3.07688,41.8538,16,16,2018,266,2018-09-23,91,Cosecha / post-cosecha,CC BY-NC 4.0,22.85666666666667,26.17166666666667,20.110000000000003,46.13,17.093,73.791,385.69999999999993,30.0
20577,3.07688,41.8538,16,16,2018,299,2018-10-26,95,Senescencia / caída de hojas,CC BY-NC 4.0,18.78966666666667,22.36233333333333,15.963,168.22999999999996,12.938,75.81500000000001,263.69,30.0
20577,3.07688,41.8538,16,16,2019,83,2019-03-24,11,Brotación / desarrollo foliar,CC BY-NC 4.0,12.487666666666668,16.980999999999998,8.928666666666667,4.180000000000001,16.738,69.949,74.63000000000001,30.0
20577,3.07688,41.8538,16,16,2019,193,2019-07-12,85,Envero / maduración,CC BY-NC 4.0,24.168333333333333,28.069666666666663,20.407333333333334,28.64,27.215666666666667,66.91066666666667,425.05,30.0
20577,3.07688,41.8538,16,16,2019,253,2019-09-10,91,Cosecha / post-cosecha,CC BY-NC 4.0,23.311666666666667,27.282000000000004,19.709,69.29,19.959,64.02600000000001,399.35,30.0
20577,3.07688,41.8538,16,16,2019,285,2019-10-12,95,Senescencia / caída de hojas,CC BY-NC 4.0,20.775333333333336,24.66633333333333,17.575333333333333,25.62,15.484666666666664,72.45866666666667,323.26,30.0
20577,3.07688,41.8538,16,16,2020,189,2020-07-07,85,Envero / maduración,CC BY-NC 4.0,21.519333333333336,25.115333333333336,17.99566666666667,66.69,26.33866666666667,72.24533333333332,345.58,30.0
20577,3.07688,41.8538,16,16,2020,252,2020-09-08,91,Cosecha / post-cosecha,CC BY-NC 4.0,23.837,27.494,20.41166666666667,74.65,20.69233333333334,70.28066666666665,415.11,30.0
20577,3.07688,41.8538,16,16,2020,271,2020-09-27,95,Senescencia / caída de hojas,CC BY-NC 4.0,21.255333333333333,24.681666666666665,18.06633333333333,112.26,17.153,70.94633333333333,337.66,30.0
26632,-1.86222,39.0056,676,680,1990,1,1990-01-01,0,Brotación / desarrollo foliar,CC BY-NC 4.0,8.169333333333334,12.534333333333333,5.0906666666666665,61.0,5.7940000000000005,86.43699999999998,9.7,30.0
26632,-1.86222,39.0056,676,680,2015,338,2015-12-04,95,Senescencia / caída de hojas,CC BY-NC 4.0,9.497999999999998,17.326333333333334,3.9466666666666654,0.9,10.893666666666668,66.19966666666667,28.85,30.0
26632,-1.86222,39.0056,676,680,2015,352,2015-12-18,97,Senescencia / caída de hojas,CC BY-NC 4.0,8.163,15.204333333333334,3.254,1.35,8.570666666666664,69.37633333333332,5.950000000000001,30.0
26632,-1.86222,39.0056,676,680,2016,93,2016-04-02,7,Brotación / desarrollo foliar,CC BY-NC 4.0,7.756333333333332,14.898333333333332,1.6676666666666666,28.13,16.85033333333333,63.29633333333334,11.15,30.0
26632,-1.86222,39.0056,676,680,2016,100,2016-04-09,11,Brotación / desarrollo foliar,CC BY-NC 4.0,9.029333333333334,16.329,2.659,40.75,17.783333333333335,62.498666666666665,16.61,30.0
26632,-1.86222,39.0056,676,680,2016,153,2016-06-01,61,Floración,CC BY-NC 4.0,16.091333333333335,23.470666666666663,9.297333333333334,40.75000000000001,23.05233333333333,57.08466666666666,182.73999999999995,30.0
26632,-1.86222,39.0056,676,680,2016,156,2016-06-04,63,Floración,CC BY-NC 4.0,16.689666666666664,24.017,9.800000000000002,41.49,23.554,57.51733333333335,200.69000000000003,30.0
26632,-1.86222,39.0056,676,680,2016,160,2016-06-08,65,Floración,CC BY-NC 4.0,18.033,25.77933333333333,10.503000000000002,21.100000000000005,25.760666666666665,53.360666666666674,240.99,30.0
26632,-1.86222,39.0056,676,680,2016,165,2016-06-13,67,Floración,CC BY-NC 4.0,20.30933333333333,28.46033333333333,12.255,2.58,27.214666666666663,47.89266666666666,309.28,30.0
26632,-1.86222,39.0056,676,680,2016,223,2016-08-10,81,Envero / maduración,CC BY-NC 4.0,26.08666666666668,34.736999999999995,18.00066666666667,1.92,26.452,39.583,482.6,30.0
26632,-1.86222,39.0056,676,680,2016,246,2016-09-02,89,Envero / maduración,CC BY-NC 4.0,24.921,33.11666666666667,17.274333333333335,4.32,24.361666666666665,44.55266666666667,447.63,30.0
26632,-1.86222,39.0056,676,680,2016,250,2016-09-06,100,Cosecha / post-cosecha,CC BY-NC 4.0,25.18433333333334,33.52466666666667,17.44,4.3100000000000005,23.76233333333333,42.87966666666667,455.53,30.0
26632,-1.86222,39.0056,676,680,2016,295,2016-10-21,201,Senescencia / caída de hojas,CC BY-NC 4.0,17.43233333333333,24.492,12.068333333333332,45.75,13.896333333333333,61.72466666666666,222.97000000000003,30.0
26632,-1.86222,39.0056,676,680,2016,315,2016-11-10,205,Senescencia / caída de hojas,CC BY-NC 4.0,13.440000000000005,19.690333333333346,8.892999999999999,68.8,10.321666666666664,73.28666666666668,120.14,30.0
26632,-1.86222,39.0056,676,680,2016,330,2016-11-25,93,Senescencia / caída de hojas,CC BY-NC 4.0,9.781,16.448333333333334,4.828666666666666,50.29,10.387,72.52499999999999,48.56000000000001,30.0
26632,-1.86222,39.0056,676,680,2016,336,2016-12-01,95,Senescencia / caída de hojas,CC BY-NC 4.0,8.428999999999998,14.153000000000002,4.087666666666666,65.01,8.335333333333333,77.87833333333334,19.83,30.0
26632,-1.86222,39.0056,676,680,2016,353,2016-12-18,97,Senescencia / caída de hojas,CC BY-NC 4.0,7.542,12.082,4.483666666666666,101.52,5.461666666666668,88.52866666666668,1.17,30.0
26632,-1.86222,39.0056,676,680,2017,80,2017-03-21,7,Brotación / desarrollo foliar,CC BY-NC 4.0,9.616,17.19766666666667,3.486333333333333,61.52,15.653000000000002,69.36366666666667,35.3,30.0
26632,-1.86222,39.0056,676,680,2017,94,2017-04-04,11,Brotación / desarrollo foliar,CC BY-NC 4.0,10.35,17.839666666666666,3.881666666666667,52.63,19.232333333333337,64.72333333333333,43.59,30.0
26632,-1.86222,39.0056,676,680,2017,141,2017-05-21,61,Floración,CC BY-NC 4.0,15.389,22.910666666666664,8.308666666666666,25.219999999999995,22.866666666666667,57.17900000000001,166.81,30.0
26632,-1.86222,39.0056,676,680,2017,144,2017-05-24,63,Floración,CC BY-NC 4.0,16.104333333333333,23.73133333333333,8.933333333333334,23.72,23.33266666666667,56.35433333333333,187.96,30.0
26632,-1.86222,39.0056,676,680,2017,147,2017-05-27,65,Floración,CC BY-NC 4.0,16.882999999999996,24.740666666666662,9.439,16.15,24.659,54.12733333333333,211.32,30.0
26632,-1.86222,39.0056,676,680,2017,150,2017-05-30,67,Floración,CC BY-NC 4.0,17.965999999999998,25.972666666666665,10.295333333333334,7.219999999999999,25.665666666666663,51.51199999999999,238.98,30.0
26632,-1.86222,39.0056,676,680,2017,213,2017-08-01,81,Envero / maduración,CC BY-NC 4.0,26.23266666666666,35.063,17.98033333333333,17.37,26.84166666666666,40.92666666666666,486.98,30.0
26632,-1.86222,39.0056,676,680,2017,318,2017-11-14,201,Senescencia / caída de hojas,CC BY-NC 4.0,12.494999999999996,20.05566666666666,6.9416666666666655,20.200000000000003,12.547,65.707,96.63,30.0
26632,-1.86222,39.0056,676,680,2017,327,2017-11-23,205,Senescencia / caída de hojas,CC BY-NC 4.0,10.870666666666668,18.877333333333336,5.149666666666668,3.5900000000000003,12.099333333333334,59.29233333333334,54.89000000000001,30.0
26632,-1.86222,39.0056,676,680,2017,331,2017-11-27,93,Senescencia / caída de hojas,CC BY-NC 4.0,9.924,17.701000000000004,4.365333333333334,3.58,11.37766666666667,60.335666666666654,31.700000000000003,30.0
26632,-1.86222,39.0056,676,680,2017,336,2017-12-02,95,Senescencia / caída de hojas,CC BY-NC 4.0,8.225000000000001,15.831666666666669,2.6623333333333337,16.049999999999997,10.714333333333336,60.28066666666667,11.780000000000005,30.0
26632,-1.86222,39.0056,676,680,2017,344,2017-12-10,97,Senescencia / caída de hojas,CC BY-NC 4.0,6.888333333333334,14.528333333333334,1.5856666666666663,15.589999999999998,9.814999999999998,61.29133333333333,5.010000000000003,30.0
26632,-1.86222,39.0056,676,680,2018,95,2018-04-05,7,Brotación / desarrollo foliar,CC BY-NC 4.0,8.197333333333335,14.292,2.931,39.83,15.63833333333333,70.04533333333333,16.029999999999998,30.0
26632,-1.86222,39.0056,676,680,2018,108,2018-04-18,11,Brotación / desarrollo foliar,CC BY-NC 4.0,8.806000000000001,15.425000000000002,3.026,40.44,17.398666666666667,67.001,24.840000000000003,30.0
26632,-1.86222,39.0056,676,680,2018,155,2018-06-04,61,Floración,CC BY-NC 4.0,16.305666666666667,22.985666666666663,9.806000000000004,95.38,22.308,61.176666666666655,189.17,30.0
26632,-1.86222,39.0056,676,680,2018,159,2018-06-08,63,Floración,CC BY-NC 4.0,16.290666666666667,22.819333333333336,9.907000000000002,98.0,22.051333333333336,61.79133333333333,188.72000000000003,30.0
26632,-1.86222,39.0056,676,680,2018,162,2018-06-11,65,Floración,CC BY-NC 4.0,16.385666666666665,22.811,10.074666666666666,96.76,21.954666666666665,61.77633333333333,191.57,30.0
26632,-1.86222,39.0056,676,680,2018,167,2018-06-16,67,Floración,CC BY-NC 4.0,17.290666666666663,23.71933333333333,10.875666666666667,96.75,22.21966666666666,62.60133333333333,218.72,30.0
26632,-1.86222,39.0056,676,680,2018,229,2018-08-17,81,Envero / maduración,CC BY-NC 4.0,26.583666666666662,34.91466666666667,18.62366666666667,5.17,25.927666666666664,39.914,497.5100000000001,30.0
26632,-1.86222,39.0056,676,680,2018,268,2018-09-25,89,Envero / maduración,CC BY-NC 4.0,22.034666666666663,28.880666666666663,16.283666666666665,82.55,18.626666666666665,64.599,361.04,30.0
26632,-1.86222,39.0056,676,680,2018,296,2018-10-23,201,Senescencia / caída de hojas,CC BY-NC 4.0,16.42833333333333,23.377,10.784666666666665,25.86,14.476333333333336,66.18299999999998,192.85,30.0
26632,-1.86222,39.0056,676,680,2018,310,2018-11-06,205,Senescencia / caída de hojas,CC BY-NC 4.0,12.062,18.18233333333333,7.109666666666667,54.32000000000001,10.611,72.42133333333335,93.58,30.0
26632,-1.86222,39.0056,676,680,2018,319,2018-11-15,93,Senescencia / caída de hojas,CC BY-NC 4.0,10.750666666666666,16.576,6.2156666666666665,69.91,9.031666666666668,76.19699999999997,59.02,30.0
26632,-1.86222,39.0056,676,680,2018,330,2018-11-26,95,Senescencia / caída de hojas,CC BY-NC 4.0,8.552999999999999,13.710333333333333,4.642,68.94000000000001,7.516333333333332,81.05233333333335,13.010000000000002,30.0
26632,-1.86222,39.0056,676,680,2018,344,2018-12-10,97,Senescencia / caída de hojas,CC BY-NC 4.0,8.797333333333336,15.127999999999997,4.638333333333335,29.84,8.169666666666666,77.59700000000001,16.11,30.0
26632,-1.86222,39.0056,676,680,2019,77,2019-03-18,7,Brotación / desarrollo foliar,CC BY-NC 4.0,9.959666666666664,18.604333333333336,3.2033333333333336,2.08,17.31166666666667,56.932,29.37,30.0
26632,-1.86222,39.0056,676,680,2019,94,2019-04-04,11,Brotación / desarrollo foliar,CC BY-NC 4.0,9.652333333333331,17.493333333333332,2.9076666666666666,29.26,18.892666666666667,60.03099999999999,23.33,30.0
26632,-1.86222,39.0056,676,680,2019,150,2019-05-30,61,Floración,CC BY-NC 4.0,16.74833333333333,24.685,9.078,10.73,25.230666666666664,54.17766666666667,202.45,30.0
26632,-1.86222,39.0056,676,680,2019,152,2019-06-01,63,Floración,CC BY-NC 4.0,17.08,25.08833333333333,9.226333333333336,4.88,25.79833333333333,52.34333333333333,212.4,30.0
26632,-1.86222,39.0056,676,680,2019,154,2019-06-03,65,Floración,CC BY-NC 4.0,17.752999999999997,25.84333333333333,9.777333333333331,4.65,26.16933333333333,50.38633333333333,232.59,30.0
26632,-1.86222,39.0056,676,680,2019,157,2019-06-06,67,Floración,CC BY-NC 4.0,18.143666666666665,26.16133333333333,10.223000000000004,4.71,26.59,48.803,244.31,30.0
26632,-1.86222,39.0056,676,680,2019,219,2019-08-07,81,Envero / maduración,CC BY-NC 4.0,26.409,34.85033333333333,18.22,0.75,26.956,37.763000000000005,492.27,30.0
26632,-1.86222,39.0056,676,680,2019,263,2019-09-20,89,Envero / maduración,CC BY-NC 4.0,21.389333333333333,27.633333333333336,15.922,89.08,18.592,62.65533333333333,341.68,30.0
26632,-1.86222,39.0056,676,680,2019,306,2019-11-02,201,Senescencia / caída de hojas,CC BY-NC 4.0,15.413666666666666,22.6,9.974333333333332,32.51,12.85,66.10533333333333,165.73000000000002,30.0
26632,-1.86222,39.0056,676,680,2019,326,2019-11-22,205,Senescencia / caída de hojas,CC BY-NC 4.0,9.438999999999998,15.171333333333337,5.191666666666666,42.68000000000001,10.345666666666666,75.50833333333335,49.22,30.0
26632,-1.86222,39.0056,676,680,2019,334,2019-11-30,93,Senescencia / caída de hojas,CC BY-NC 4.0,8.157333333333334,13.314666666666666,4.3613333333333335,47.16000000000001,8.844000000000001,79.28299999999999,20.45,30.0
26632,-1.86222,39.0056,676,680,2019,338,2019-12-04,95,Senescencia / caída de hojas,CC BY-NC 4.0,7.080333333333333,12.017333333333331,3.5136666666666665,65.86000000000001,8.258,81.19800000000001,1.6399999999999988,30.0
26632,-1.86222,39.0056,676,680,2019,357,2019-12-23,97,Senescencia / caída de hojas,CC BY-NC 4.0,7.959666666666665,12.854333333333331,4.691333333333333,43.43000000000001,6.366666666666665,84.057,9.659999999999997,30.0
26632,-1.86222,39.0056,676,680,2020,73,2020-03-13,7,Brotación / desarrollo foliar,CC BY-NC 4.0,10.412,17.867,4.674333333333333,3.05,14.451999999999998,66.23433333333334,29.04999999999999,30.0
26632,-1.86222,39.0056,676,680,2020,91,2020-03-31,11,Brotación / desarrollo foliar,CC BY-NC 4.0,9.652666666666669,15.545333333333335,4.615333333333334,97.79,12.459666666666664,72.74366666666667,30.3,30.0
26632,-1.86222,39.0056,676,680,2020,148,2020-05-27,61,Floración,CC BY-NC 4.0,17.028000000000002,23.723333333333336,10.485,45.54,22.864,62.934,210.83999999999995,30.0
26632,-1.86222,39.0056,676,680,2020,151,2020-05-30,63,Floración,CC BY-NC 4.0,17.752333333333336,24.61066666666667,11.034999999999998,45.5,23.75,61.33533333333333,232.57,30.0
26632,-1.86222,39.0056,676,680,2020,153,2020-06-01,65,Floración,CC BY-NC 4.0,17.923999999999996,24.77233333333334,11.161666666666669,45.54,23.902,59.70966666666666,237.72000000000003,30.0
26632,-1.86222,39.0056,676,680,2020,155,2020-06-03,67,Floración,CC BY-NC 4.0,17.976,24.738333333333337,11.182,45.55,23.92366666666668,59.440000000000005,239.28,30.0
26632,-1.86222,39.0056,676,680,2020,220,2020-08-07,81,Envero / maduración,CC BY-NC 4.0,26.604333333333333,35.04333333333333,18.673,20.500000000000004,26.523,45.446333333333335,498.13,30.0
26632,-1.86222,39.0056,676,680,2020,248,2020-09-04,89,Envero / maduración,CC BY-NC 4.0,24.51633333333333,32.91566666666667,16.796666666666667,18.33,24.334666666666667,43.67966666666667,435.49,30.0
26632,-1.86222,39.0056,676,680,2020,318,2020-11-13,201,Senescencia / caída de hojas,CC BY-NC 4.0,12.080666666666666,19.018,6.942333333333333,48.32,11.420666666666666,69.862,67.47,30.0
26632,-1.86222,39.0056,676,680,2020,320,2020-11-15,93,Senescencia / caída de hojas,CC BY-NC 4.0,12.305,19.11733333333333,7.376666666666666,48.97,10.666999999999998,71.402,72.84,30.0
26632,-1.86222,39.0056,676,680,2020,325,2020-11-20,205,Senescencia / caída de hojas,CC BY-NC 4.0,12.009333333333332,18.717666666666663,7.227,44.06,10.270666666666669,73.375,65.63,30.0
26632,-1.86222,39.0056,676,680,2020,331,2020-11-26,95,Senescencia / caída de hojas,CC BY-NC 4.0,11.376000000000005,18.15,6.676666666666668,40.31,9.662333333333333,73.39233333333335,57.36,30.0
26632,-1.86222,39.0056,676,680,2020,352,2020-12-17,97,Senescencia / caída de hojas,CC BY-NC 4.0,7.233,12.912333333333336,2.843666666666666,39.78,8.072666666666667,78.08233333333334,5.75,30.0
26632,-1.86222,39.0056,676,680,2021,88,2021-03-29,7,Brotación / desarrollo foliar,CC BY-NC 4.0,8.524,15.338,2.554333333333333,20.06,15.462333333333332,69.32933333333332,9.91,30.0
26632,-1.86222,39.0056,676,680,2021,99,2021-04-09,11,Brotación / desarrollo foliar,CC BY-NC 4.0,9.916,17.542666666666666,3.1019999999999994,8.239999999999998,18.465333333333337,63.168,31.06,30.0
26632,-1.86222,39.0056,676,680,2021,147,2021-05-27,61,Floración,CC BY-NC 4.0,16.298,23.662666666666663,9.313666666666668,30.63,23.94833333333333,57.751666666666665,188.94000000000003,30.0
26632,-1.86222,39.0056,676,680,2021,150,2021-05-30,63,Floración,CC BY-NC 4.0,17.050666666666665,24.509,10.006,24.95,24.75133333333333,56.04366666666666,211.52,30.0
26632,-1.86222,39.0056,676,680,2021,153,2021-06-02,65,Floración,CC BY-NC 4.0,17.875333333333334,25.426,10.694666666666668,25.36,24.901333333333337,54.94333333333332,236.26000000000005,30.0
26632,-1.86222,39.0056,676,680,2021,158,2021-06-07,67,Floración,CC BY-NC 4.0,18.347,25.637666666666668,11.300333333333333,30.14,24.100666666666665,56.80666666666666,250.41,30.0
26632,-1.86222,39.0056,676,680,2021,210,2021-07-29,81,Envero / maduración,CC BY-NC 4.0,25.582,34.39433333333333,16.890666666666668,1.93,28.516,39.59,467.46,30.0
26632,-1.86222,39.0056,676,680,2021,245,2021-09-02,89,Envero / maduración,CC BY-NC 4.0,25.91733333333333,33.974,18.774999999999995,45.35999999999999,22.698,46.44800000000001,477.52,30.0
26632,-1.86222,39.0056,676,680,2021,298,2021-10-25,201,Senescencia / caída de hojas,CC BY-NC 4.0,16.171666666666667,23.71066666666666,10.370666666666668,8.019999999999998,15.058333333333334,63.06166666666668,185.15,30.0
26632,-1.86222,39.0056,676,680,2021,330,2021-11-26,93,Senescencia / caída de hojas,CC BY-NC 4.0,8.465,14.609666666666662,3.939333333333333,80.63000000000001,9.646999999999998,76.55466666666668,26.15,30.0
26632,-1.86222,39.0056,676,680,2021,336,2021-12-02,205,Senescencia / caída de hojas,CC BY-NC 4.0,6.520333333333335,12.844,1.8316666666666663,37.080000000000005,9.819333333333336,76.98866666666666,0.0,30.0
26632,-1.86222,39.0056,676,680,2021,345,2021-12-11,95,Senescencia / caída de hojas,CC BY-NC 4.0,6.456666666666667,12.205666666666666,2.1786666666666665,32.650000000000006,8.508333333333333,80.35666666666667,0.0,30.0
26632,-1.86222,39.0056,676,680,2021,354,2021-12-20,97,Senescencia / caída de hojas,CC BY-NC 4.0,5.929333333333333,11.771999999999998,1.9643333333333333,28.56000000000001,7.961333333333332,81.90000000000002,0.0,30.0
26632,-1.86222,39.0056,676,680,2022,94,2022-04-04,7,Brotación / desarrollo foliar,CC BY-NC 4.0,7.972666666666667,12.810333333333336,4.254333333333333,60.58,10.521999999999998,78.40733333333334,0.7400000000000002,30.0
26632,-1.86222,39.0056,676,680,2022,107,2022-04-17,11,Brotación / desarrollo foliar,CC BY-NC 4.0,9.339,15.065333333333331,4.447,68.42,14.094666666666663,73.51933333333334,28.51,30.0
26632,-1.86222,39.0056,676,680,2022,146,2022-05-26,61,Floración,CC BY-NC 4.0,17.601333333333336,25.28633333333334,10.048333333333334,35.260000000000005,24.17533333333333,54.367,228.30000000000007,30.0
26632,-1.86222,39.0056,676,680,2022,149,2022-05-29,63,Floración,CC BY-NC 4.0,18.71633333333334,26.80166666666668,10.761333333333337,19.260000000000005,25.784,50.75866666666666,261.49,30.0
26632,-1.86222,39.0056,676,680,2022,151,2022-05-31,65,Floración,CC BY-NC 4.0,19.057666666666663,27.271000000000004,11.075333333333337,19.180000000000003,26.21733333333333,49.588,271.73,30.0
26632,-1.86222,39.0056,676,680,2022,153,2022-06-02,67,Floración,CC BY-NC 4.0,19.647,28.00200000000001,11.476333333333336,11.96,26.938666666666663,47.86866666666666,289.41,30.0
26632,-1.86222,39.0056,676,680,2022,213,2022-08-01,81,Envero / maduración,CC BY-NC 4.0,28.041666666666668,36.87,19.592,6.859999999999999,27.567666666666664,36.49666666666666,541.2500000000001,30.0
26632,-1.86222,39.0056,676,680,2022,305,2022-11-01,201,Senescencia / caída de hojas,CC BY-NC 4.0,17.790666666666663,25.115,12.612,17.81,11.474666666666666,63.39833333333333,233.72000000000003,30.0
26632,-1.86222,39.0056,676,680,2022,316,2022-11-12,93,Senescencia / caída de hojas,CC BY-NC 4.0,15.915333333333333,23.342,10.551000000000004,17.26,10.672333333333333,61.69933333333333,177.54,30.0
26632,-1.86222,39.0056,676,680,2022,331,2022-11-27,205,Senescencia / caída de hojas,CC BY-NC 4.0,11.886333333333331,18.251666666666665,7.1673333333333344,26.680000000000007,8.942,70.88300000000001,69.88,30.0
26632,-1.86222,39.0056,676,680,2022,346,2022-12-12,95,Senescencia / caída de hojas,CC BY-NC 4.0,9.273666666666664,14.634666666666668,5.275333333333333,78.01,6.759666666666667,79.12533333333336,23.86,30.0
26632,-1.86222,39.0056,676,680,2022,351,2022-12-17,97,Senescencia / caída de hojas,CC BY-NC 4.0,8.797333333333334,13.942333333333334,4.963666666666667,90.12,6.571666666666667,80.87466666666666,15.750000000000002,30.0
26632,-1.86222,39.0056,676,680,2023,83,2023-03-24,7,Brotación / desarrollo foliar,CC BY-NC 4.0,9.061,16.855999999999998,2.9283333333333337,3.74,16.233,59.76233333333334,47.78,30.0
26632,-1.86222,39.0056,676,680,2023,90,2023-03-31,11,Brotación / desarrollo foliar,CC BY-NC 4.0,11.719000000000005,20.038666666666668,5.102666666666666,3.5200000000000005,18.207,57.547666666666665,76.9,30.0
26632,-1.86222,39.0056,676,680,2023,126,2023-05-06,61,Floración,CC BY-NC 4.0,17.34933333333333,26.25533333333333,8.999666666666666,1.71,24.174,43.11666666666666,220.48,30.0
26632,-1.86222,39.0056,676,680,2023,128,2023-05-08,63,Floración,CC BY-NC 4.0,17.8,26.544,9.519000000000002,1.7900000000000005,24.094,43.29966666666666,234.00000000000003,30.0
26632,-1.86222,39.0056,676,680,2023,129,2023-05-09,65,Floración,CC BY-NC 4.0,18.03733333333333,26.706666666666663,9.811333333333334,1.7900000000000005,24.126,43.155,241.12,30.0
26632,-1.86222,39.0056,676,680,2023,137,2023-05-17,67,Floración,CC BY-NC 4.0,18.28833333333333,26.584333333333333,10.391333333333334,2.96,24.223666666666663,42.825,248.65,30.0
26632,-1.86222,39.0056,676,680,2023,205,2023-07-24,81,Envero / maduración,CC BY-NC 4.0,28.284,37.52766666666667,19.289,4.13,27.665,35.943,548.52,30.0
26632,-1.86222,39.0056,676,680,2023,253,2023-09-10,89,Envero / maduración,CC BY-NC 4.0,25.371666666666663,33.38366666666666,18.148333333333337,36.51,22.430333333333337,44.086,461.15,30.0
26632,-1.86222,39.0056,676,680,2023,316,2023-11-12,201,Senescencia / caída de hojas,CC BY-NC 4.0,12.795333333333334,18.706000000000003,8.292333333333334,32.71000000000001,9.077333333333334,72.54533333333333,92.39,30.0
26632,-1.86222,39.0056,676,680,2023,323,2023-11-19,93,Senescencia / caída de hojas,CC BY-NC 4.0,12.022666666666664,18.589333333333336,7.516000000000001,17.85,9.474666666666668,73.58666666666666,69.21000000000001,30.0
26632,-1.86222,39.0056,676,680,2023,326,2023-11-22,205,Senescencia / caída de hojas,CC BY-NC 4.0,11.728000000000002,18.392666666666667,7.25,10.42,9.528666666666664,73.031,63.02,30.0
26632,-1.86222,39.0056,676,680,2023,334,2023-11-30,95,Senescencia / caída de hojas,CC BY-NC 4.0,10.632333333333332,17.825333333333337,5.925333333333332,7.509999999999999,9.595666666666666,73.33300000000001,43.83,30.0
26632,-1.86222,39.0056,676,680,2023,344,2023-12-10,97,Senescencia / caída de hojas,CC BY-NC 4.0,9.765000000000002,16.690666666666665,5.057333333333332,10.549999999999995,9.028333333333332,75.43466666666669,36.55,30.0
26632,-1.86222,39.0056,676,680,2024,78,2024-03-18,7,Brotación / desarrollo foliar,CC BY-NC 4.0,8.826333333333332,15.300666666666668,3.370333333333334,31.65,14.517666666666663,67.72866666666667,21.8,30.0
26632,-1.86222,39.0056,676,680,2024,85,2024-03-25,11,Brotación / desarrollo foliar,CC BY-NC 4.0,10.074999999999998,16.678333333333335,4.619333333333333,45.35000000000001,14.391666666666664,66.54599999999999,49.78999999999999,30.0
26632,-1.86222,39.0056,676,680,2024,141,2024-05-20,61,Floración,CC BY-NC 4.0,14.628333333333334,22.12633333333333,7.097,10.669999999999998,23.72133333333333,51.269666666666666,138.92,30.0
26632,-1.86222,39.0056,676,680,2024,145,2024-05-24,63,Floración,CC BY-NC 4.0,15.438000000000004,22.906333333333336,7.938,11.67,23.62033333333333,51.82833333333333,163.18,30.0
26632,-1.86222,39.0056,676,680,2024,148,2024-05-27,65,Floración,CC BY-NC 4.0,16.471,24.238,8.713666666666667,11.03,24.788666666666664,50.3,194.17,30.0
26632,-1.86222,39.0056,676,680,2024,154,2024-06-02,67,Floración,CC BY-NC 4.0,18.696,26.920666666666666,10.537666666666668,3.9099999999999993,25.88833333333333,47.687666666666665,260.88,30.0
26632,-1.86222,39.0056,676,680,2024,161,2024-06-09,89,Envero / maduración,CC BY-NC 4.0,19.942,27.987,12.017000000000005,21.04,25.380666666666663,46.69266666666668,298.26,30.0
26632,-1.86222,39.0056,676,680,2024,192,2024-07-10,81,Envero / maduración,CC BY-NC 4.0,23.373666666666665,31.49866666666667,15.357,36.12,27.287666666666667,46.92233333333332,401.21,30.0
26632,-1.86222,39.0056,676,680,2024,321,2024-11-16,201,Senescencia / caída de hojas,CC BY-NC 4.0,13.121,18.957,8.832,54.33,9.337,77.75466666666667,99.12000000000002,30.0
26632,-1.86222,39.0056,676,680,2024,326,2024-11-21,93,Senescencia / caída de hojas,CC BY-NC 4.0,12.657333333333334,18.518666666666668,8.547,53.82999999999999,8.425333333333333,78.79599999999999,85.21,30.0
26632,-1.86222,39.0056,676,680,2024,333,2024-11-28,205,Senescencia / caída de hojas,CC BY-NC 4.0,12.141333333333334,18.247,8.028333333333332,9.999999999999998,8.342666666666666,77.855,68.77,30.0
26632,-1.86222,39.0056,676,680,2024,361,2024-12-26,95,Senescencia / caída de hojas,CC BY-NC 4.0,6.975333333333333,14.133333333333333,2.273333333333333,1.5900000000000003,8.616000000000001,75.02900000000001,7.079999999999998,30.0
26632,-1.86222,39.0056,676,680,2025,12,2025-01-12,97,Senescencia / caída de hojas,CC BY-NC 4.0,5.868666666666668,12.677,1.3290000000000002,4.27,8.375333333333334,77.77233333333334,0.0,30.0
26632,-1.86222,39.0056,676,680,2025,92,2025-04-02,7,Brotación / desarrollo foliar,CC BY-NC 4.0,8.909666666666668,14.349666666666668,4.221333333333334,122.86,13.628666666666668,76.23666666666665,13.55,30.0
26635,-1.79472,38.0953,563,513,2005,89,2005-03-30,12,Brotación / desarrollo foliar,CC BY-NC 4.0,8.793000000000001,15.968333333333332,3.2833333333333323,14.689999999999998,15.831,65.43033333333334,41.51,30.0
26635,-1.79472,38.0953,563,513,2005,301,2005-10-28,201,Senescencia / caída de hojas,CC BY-NC 4.0,15.546666666666669,22.84633333333333,10.304,16.620000000000005,14.108,68.945,166.4,30.0
26635,-1.79472,38.0953,563,513,2005,307,2005-11-03,93,Senescencia / caída de hojas,CC BY-NC 4.0,15.17933333333333,22.462000000000003,9.855999999999998,17.459999999999997,13.153333333333332,68.216,155.38,30.0
26635,-1.79472,38.0953,563,513,2006,304,2006-10-31,201,Senescencia / caída de hojas,CC BY-NC 4.0,16.912333333333333,23.794,11.966999999999995,8.39,13.272999999999998,63.50033333333333,207.37000000000003,30.0
26635,-1.79472,38.0953,563,513,2006,307,2006-11-03,93,Senescencia / caída de hojas,CC BY-NC 4.0,16.465666666666667,23.032666666666664,11.827,31.95,12.41033333333333,66.13666666666667,193.97,30.0
26635,-1.79472,38.0953,563,513,2007,80,2007-03-21,12,Brotación / desarrollo foliar,CC BY-NC 4.0,9.28466666666667,16.568333333333335,3.657666666666666,4.99,16.51233333333333,60.01533333333333,23.21,30.0
26635,-1.79472,38.0953,563,513,2007,301,2007-10-28,201,Senescencia / caída de hojas,CC BY-NC 4.0,14.707,20.778,9.924333333333331,73.46,12.111,72.83666666666666,141.21,30.0
26635,-1.79472,38.0953,563,513,2007,307,2007-11-03,93,Senescencia / caída de hojas,CC BY-NC 4.0,13.19733333333333,19.157,8.604666666666667,52.90999999999999,12.035333333333336,71.64666666666668,97.3,30.0
26635,-1.79472,38.0953,563,513,2008,75,2008-03-15,12,Brotación / desarrollo foliar,CC BY-NC 4.0,9.50133333333333,15.940333333333337,4.525666666666666,24.41,13.627666666666668,67.92066666666668,30.290000000000003,30.0
26635,-1.79472,38.0953,563,513,2008,301,2008-10-27,201,Senescencia / caída de hojas,CC BY-NC 4.0,14.910666666666668,20.72033333333333,10.534666666666668,57.02,12.232666666666663,74.17566666666667,147.32,30.0
26635,-1.79472,38.0953,563,513,2008,309,2008-11-04,93,Senescencia / caída de hojas,CC BY-NC 4.0,13.138,18.25733333333333,9.191333333333334,79.28999999999999,10.252666666666666,77.50333333333333,110.86,30.0
26635,-1.79472,38.0953,563,513,2009,78,2009-03-19,12,Brotación / desarrollo foliar,CC BY-NC 4.0,8.826666666666666,15.809333333333331,3.524666666666666,35.09,15.673333333333334,66.04233333333333,13.22,30.0
26635,-1.79472,38.0953,563,513,2009,322,2009-11-18,201,Senescencia / caída de hojas,CC BY-NC 4.0,14.178,21.60733333333333,8.914333333333333,5.209999999999999,12.288000000000002,59.620000000000005,130.57,30.0
26635,-1.79472,38.0953,563,513,2009,330,2009-11-26,93,Senescencia / caída de hojas,CC BY-NC 4.0,13.051,20.71566666666667,7.768666666666666,0.49,11.24,59.292666666666655,97.21,30.0
26635,-1.79472,38.0953,563,513,2010,318,2010-11-14,201,Senescencia / caída de hojas,CC BY-NC 4.0,11.507333333333332,18.89933333333333,5.98,3.56,13.281666666666666,58.70033333333334,50.24999999999999,30.0
26635,-1.79472,38.0953,563,513,2010,330,2010-11-26,93,Senescencia / caída de hojas,CC BY-NC 4.0,9.450666666666669,16.07166666666667,4.757333333333334,10.8,10.225666666666664,66.86766666666666,27.99,30.0
26635,-1.79472,38.0953,563,513,2011,90,2011-03-31,12,Brotación / desarrollo foliar,CC BY-NC 4.0,8.373,14.179,3.872333333333333,31.82,13.666333333333332,75.17333333333335,15.77,30.0
26635,-1.79472,38.0953,563,513,2011,325,2011-11-21,201,Senescencia / caída de hojas,CC BY-NC 4.0,11.670333333333334,17.125333333333334,7.866333333333333,53.62,8.544,77.69833333333332,54.41,30.0
26635,-1.79472,38.0953,563,513,2011,334,2011-11-30,93,Senescencia / caída de hojas,CC BY-NC 4.0,10.404666666666664,15.603333333333332,6.811333333333334,66.45,8.160666666666666,79.59299999999999,31.660000000000004,30.0
26635,-1.79472,38.0953,563,513,2012,85,2012-03-25,12,Brotación / desarrollo foliar,CC BY-NC 4.0,8.544666666666666,16.44966666666667,2.515333333333333,31.86,17.863333333333337,57.184,12.789999999999996,30.0
26635,-1.79472,38.0953,563,513,2012,320,2012-11-15,201,Senescencia / caída de hojas,CC BY-NC 4.0,11.399666666666668,16.715999999999998,7.3616666666666655,100.49,9.228333333333332,77.40933333333334,62.93,30.0
26635,-1.79472,38.0953,563,513,2012,327,2012-11-22,93,Senescencia / caída de hojas,CC BY-NC 4.0,10.414666666666667,15.530666666666663,6.578333333333334,74.02000000000001,8.538666666666666,80.31466666666667,33.55,30.0
26635,-1.79472,38.0953,563,513,2013,84,2013-03-25,12,Brotación / desarrollo foliar,CC BY-NC 4.0,7.131666666666666,13.242,2.258666666666666,47.25000000000001,14.579,70.27033333333335,6.520000000000001,30.0
26635,-1.79472,38.0953,563,513,2014,90,2014-03-31,12,Brotación / desarrollo foliar,CC BY-NC 4.0,9.544999999999998,16.840333333333334,3.5970000000000004,3.2,17.820333333333334,60.00833333333334,21.97,30.0
26635,-1.79472,38.0953,563,513,2014,336,2014-12-02,93,Senescencia / caída de hojas,CC BY-NC 4.0,10.065333333333331,16.04533333333333,5.911333333333332,54.42,8.849333333333334,76.19566666666667,25.489999999999995,30.0
26635,-1.79472,38.0953,563,513,2015,88,2015-03-29,12,Brotación / desarrollo foliar,CC BY-NC 4.0,10.291666666666666,17.370333333333335,4.775333333333333,46.63999999999999,16.678333333333335,60.18366666666667,48.05,30.0
26635,-1.79472,38.0953,563,513,2015,322,2015-11-18,201,Senescencia / caída de hojas,CC BY-NC 4.0,12.829666666666666,19.493,8.225333333333333,47.24,11.352333333333336,70.72566666666667,84.89,30.0
26635,-1.79472,38.0953,563,513,2015,334,2015-11-30,93,Senescencia / caída de hojas,CC BY-NC 4.0,11.027666666666663,18.063666666666663,6.025999999999999,29.03,11.158,64.715,55.690000000000005,30.0
26635,-1.79472,38.0953,563,513,2016,90,2016-03-30,12,Brotación / desarrollo foliar,CC BY-NC 4.0,8.898666666666665,16.376666666666672,2.838,21.71,17.041666666666668,57.22733333333333,23.06,30.0
26635,-1.79472,38.0953,563,513,2016,319,2016-11-14,201,Senescencia / caída de hojas,CC BY-NC 4.0,13.649666666666668,20.21266666666667,9.01,28.52,11.307666666666666,69.36266666666667,122.84000000000002,30.0
26635,-1.79472,38.0953,563,513,2016,330,2016-11-25,93,Senescencia / caída de hojas,CC BY-NC 4.0,10.820666666666664,17.340333333333334,6.273666666666667,29.860000000000003,10.828,67.434,56.61,30.0
26635,-1.79472,38.0953,563,513,2017,90,2017-03-31,12,Brotación / desarrollo foliar,CC BY-NC 4.0,10.528,17.904999999999998,4.642,60.040000000000006,18.450666666666663,65.43766666666666,53.8,30.0
26635,-1.79472,38.0953,563,513,2017,217,2017-08-05,89,Envero / maduración,CC BY-NC 4.0,27.16766666666667,36.1,19.232333333333333,5.14,27.19766666666668,38.220666666666666,515.03,30.0
26635,-1.79472,38.0953,563,513,2017,237,2017-08-25,100,Cosecha / post-cosecha,CC BY-NC 4.0,26.26833333333333,34.87199999999999,18.975666666666665,1.01,25.566,44.24066666666667,488.05,30.0
26635,-1.79472,38.0953,563,513,2017,319,2017-11-15,201,Senescencia / caída de hojas,CC BY-NC 4.0,12.925666666666666,20.142,7.749333333333332,20.35,12.895666666666664,62.98033333333333,101.95,30.0
26635,-1.79472,38.0953,563,513,2017,326,2017-11-22,93,Senescencia / caída de hojas,CC BY-NC 4.0,11.893,19.439666666666664,6.769333333333335,15.38,12.705,57.855,71.30000000000001,30.0
26635,-1.79472,38.0953,563,513,2018,100,2018-04-10,12,Brotación / desarrollo foliar,CC BY-NC 4.0,9.085,15.955666666666668,3.381,18.72,17.687,61.923,26.02,30.0
26635,-1.79472,38.0953,563,513,2018,237,2018-08-25,89,Envero / maduración,CC BY-NC 4.0,26.02133333333333,33.59766666666666,19.377,8.92,24.503666666666668,43.84133333333334,480.64,30.0
26635,-1.79472,38.0953,563,513,2018,258,2018-09-15,100,Cosecha / post-cosecha,CC BY-NC 4.0,23.038,29.99033333333333,17.485999999999997,43.040000000000006,19.722666666666665,59.03633333333334,391.14,30.0
26635,-1.79472,38.0953,563,513,2018,318,2018-11-14,201,Senescencia / caída de hojas,CC BY-NC 4.0,11.327333333333332,17.229333333333333,6.835666666666667,54.37999999999999,10.87966666666667,72.23466666666667,66.14,30.0
26635,-1.79472,38.0953,563,513,2018,323,2018-11-19,93,Senescencia / caída de hojas,CC BY-NC 4.0,10.871666666666666,16.315333333333335,6.778666666666667,80.80000000000001,9.826,74.28433333333332,53.24000000000001,30.0
26635,-1.79472,38.0953,563,513,2019,104,2019-04-14,12,Brotación / desarrollo foliar,CC BY-NC 4.0,9.607666666666663,16.618999999999996,3.594666666666668,26.76,19.241,62.22533333333333,27.21,30.0
26635,-1.79472,38.0953,563,513,2019,237,2019-08-25,89,Envero / maduración,CC BY-NC 4.0,26.068,34.58399999999999,18.862666666666662,9.06,25.386000000000003,42.09166666666667,482.04,30.0
26635,-1.79472,38.0953,563,513,2019,237,2019-08-25,100,Cosecha / post-cosecha,CC BY-NC 4.0,26.068,34.58399999999999,18.862666666666662,9.06,25.386000000000003,42.09166666666667,482.04,30.0
26635,-1.79472,38.0953,563,513,2019,320,2019-11-16,201,Senescencia / caída de hojas,CC BY-NC 4.0,11.741000000000003,18.09,7.311666666666666,31.35,11.308333333333335,66.79566666666668,81.01,30.0
26635,-1.79472,38.0953,563,513,2019,329,2019-11-25,93,Senescencia / caída de hojas,CC BY-NC 4.0,9.921333333333331,15.748333333333331,5.775,23.22,10.594999999999995,70.09266666666667,51.89,30.0
26635,-1.79472,38.0953,563,513,2020,101,2020-04-10,12,Brotación / desarrollo foliar,CC BY-NC 4.0,9.835666666666668,15.305666666666667,5.443,122.98,14.657,76.04733333333336,28.57,30.0
26635,-1.79472,38.0953,563,513,2020,233,2020-08-20,89,Envero / maduración,CC BY-NC 4.0,26.98933333333333,35.67666666666666,19.66133333333333,3.65,26.462333333333337,37.616333333333344,509.68,30.0
26635,-1.79472,38.0953,563,513,2020,260,2020-09-16,100,Cosecha / post-cosecha,CC BY-NC 4.0,23.201,31.286666666666665,16.430666666666667,3.38,22.711,48.20033333333333,396.0300000000001,30.0
26635,-1.79472,38.0953,563,513,2021,85,2021-03-26,7,Brotación / desarrollo foliar,CC BY-NC 4.0,8.545,14.931333333333336,3.361333333333334,55.22,15.284666666666665,71.52433333333333,12.81,30.0
26635,-1.79472,38.0953,563,513,2021,118,2021-04-28,11,Brotación / desarrollo foliar,CC BY-NC 4.0,11.646999999999998,18.326000000000004,6.226333333333335,46.93,17.615,69.62433333333334,55.28000000000001,30.0
26635,-1.79472,38.0953,563,513,2021,132,2021-05-12,61,Floración,CC BY-NC 4.0,13.376666666666663,20.139333333333337,7.596333333333335,42.23,20.653,63.88966666666668,105.95,30.0
26635,-1.79472,38.0953,563,513,2021,136,2021-05-16,63,Floración,CC BY-NC 4.0,14.804,22.117666666666665,8.410666666666666,27.93,22.53166666666667,59.36433333333333,144.12,30.0
26635,-1.79472,38.0953,563,513,2021,140,2021-05-20,65,Floración,CC BY-NC 4.0,15.947333333333336,23.576666666666657,9.363666666666669,23.62,23.107333333333333,58.12966666666667,178.42,30.0
26635,-1.79472,38.0953,563,513,2021,146,2021-05-26,67,Floración,CC BY-NC 4.0,16.985333333333333,24.884333333333338,9.845666666666666,55.8,24.945,54.80433333333333,209.56,30.0
26635,-1.79472,38.0953,563,513,2021,204,2021-07-23,81,Envero / maduración,CC BY-NC 4.0,25.512,34.52033333333334,17.133333333333333,0.15,29.378,39.383,465.36,30.0
26635,-1.79472,38.0953,563,513,2021,268,2021-09-25,89,Envero / maduración,CC BY-NC 4.0,22.31266666666666,29.77966666666667,16.313666666666666,24.130000000000003,18.955666666666666,56.23433333333334,369.38000000000005,30.0
26635,-1.79472,38.0953,563,513,2021,270,2021-09-27,100,Cosecha / post-cosecha,CC BY-NC 4.0,21.88,29.366666666666667,15.86,24.12,18.603,56.96933333333334,356.40000000000003,30.0
26635,-1.79472,38.0953,563,513,2021,319,2021-11-15,201,Senescencia / caída de hojas,CC BY-NC 4.0,12.389,19.09133333333333,7.429333333333334,34.65,11.923000000000002,68.31,90.75,30.0
26635,-1.79472,38.0953,563,513,2021,333,2021-11-29,93,Senescencia / caída de hojas,CC BY-NC 4.0,8.642000000000001,14.628666666666668,4.278999999999999,40.52,10.167333333333334,71.22033333333334,23.21,30.0
26635,-1.79472,38.0953,563,513,2022,108,2022-04-18,7,Brotación / desarrollo foliar,CC BY-NC 4.0,10.075999999999995,15.625,5.343666666666668,97.4,15.003666666666668,72.56366666666666,43.24000000000001,30.0
26635,-1.79472,38.0953,563,513,2022,119,2022-04-29,11,Brotación / desarrollo foliar,CC BY-NC 4.0,10.941666666666668,17.372666666666664,5.263,70.42,18.86066666666667,64.16,61.87000000000002,30.0
26635,-1.79472,38.0953,563,513,2022,129,2022-05-09,61,Floración,CC BY-NC 4.0,13.396333333333336,19.964,7.589333333333333,80.7,20.305666666666664,62.978666666666655,105.07000000000002,30.0
26635,-1.79472,38.0953,563,513,2022,134,2022-05-14,63,Floración,CC BY-NC 4.0,14.438999999999998,21.21366666666667,8.487666666666666,61.17,22.277666666666665,59.35866666666666,136.35000000000002,30.0
26635,-1.79472,38.0953,563,513,2022,138,2022-05-18,65,Floración,CC BY-NC 4.0,15.27866666666667,22.148333333333333,9.183333333333334,60.38000000000001,22.989,58.08566666666665,161.54,30.0
26635,-1.79472,38.0953,563,513,2022,142,2022-05-22,67,Floración,CC BY-NC 4.0,16.749333333333336,24.011000000000003,10.345,49.6,24.216,55.34433333333333,203.92,30.0
26635,-1.79472,38.0953,563,513,2022,210,2022-07-29,81,Envero / maduración,CC BY-NC 4.0,27.214,35.605333333333334,19.893666666666665,1.85,28.19933333333333,37.60833333333333,516.42,30.0
26635,-1.79472,38.0953,563,513,2022,272,2022-09-29,89,Envero / maduración,CC BY-NC 4.0,22.482333333333333,29.797000000000008,16.473000000000003,57.6,18.575666666666667,47.83833333333334,374.47,30.0
26635,-1.79472,38.0953,563,513,2022,332,2022-11-28,201,Senescencia / caída de hojas,CC BY-NC 4.0,12.822666666666668,19.608,8.132000000000001,16.029999999999998,10.057333333333332,65.60833333333333,92.39,30.0
26635,-1.79472,38.0953,563,513,2022,344,2022-12-10,93,Senescencia / caída de hojas,CC BY-NC 4.0,10.395666666666669,15.948333333333332,6.4380000000000015,31.03,8.177999999999999,74.30166666666668,36.57,30.0
26635,-1.79472,38.0953,563,513,2023,112,2023-04-22,7,Brotación / desarrollo foliar,CC BY-NC 4.0,15.203,23.985666666666667,7.822333333333334,0.03,23.987,43.114,156.09000000000003,30.0
26635,-1.79472,38.0953,563,513,2023,120,2023-04-30,11,Brotación / desarrollo foliar,CC BY-NC 4.0,16.676,25.36,9.095666666666666,7.0,24.48366666666666,40.92133333333332,200.28000000000003,30.0
26635,-1.79472,38.0953,563,513,2023,132,2023-05-12,61,Floración,CC BY-NC 4.0,18.767333333333333,27.379,11.261666666666663,12.55,24.77433333333333,42.45366666666667,263.02,30.0
26635,-1.79472,38.0953,563,513,2023,138,2023-05-18,63,Floración,CC BY-NC 4.0,18.802333333333326,26.970666666666663,11.67333333333333,16.47,24.692666666666664,43.717666666666666,264.07,30.0
26635,-1.79472,38.0953,563,513,2023,144,2023-05-24,65,Floración,CC BY-NC 4.0,18.086666666666662,25.478,11.716333333333331,59.7,22.942999999999994,49.540666666666674,242.6,30.0
26635,-1.79472,38.0953,563,513,2023,149,2023-05-29,67,Floración,CC BY-NC 4.0,16.906333333333333,23.758,10.946333333333332,82.15,22.39466666666667,56.269000000000005,207.19000000000003,30.0
26635,-1.79472,38.0953,563,513,2023,211,2023-07-30,81,Envero / maduración,CC BY-NC 4.0,28.580666666666666,37.614,20.180333333333333,0.77,27.805666666666664,35.947333333333326,557.4200000000001,30.0
26635,-1.79472,38.0953,563,513,2023,268,2023-09-25,89,Envero / maduración,CC BY-NC 4.0,21.10366666666668,28.19766666666668,15.401,48.32000000000001,19.488000000000003,60.79800000000001,333.11,30.0
26635,-1.79472,38.0953,563,513,2023,273,2023-09-30,100,Cosecha / post-cosecha,CC BY-NC 4.0,20.867666666666665,28.137666666666668,15.35466666666667,48.1,18.81033333333333,62.96266666666666,326.03,30.0
26635,-1.79472,38.0953,563,513,2023,318,2023-11-14,201,Senescencia / caída de hojas,CC BY-NC 4.0,13.80066666666667,20.627666666666663,8.749333333333334,9.59,11.345333333333334,63.92133333333333,116.98,30.0
26635,-1.79472,38.0953,563,513,2023,332,2023-11-28,93,Senescencia / caída de hojas,CC BY-NC 4.0,12.335666666666668,20.103000000000005,7.296666666666666,1.2999999999999998,11.019666666666666,58.438,77.02999999999999,30.0
26635,-1.79472,38.0953,563,513,2024,117,2024-04-26,7,Brotación / desarrollo foliar,CC BY-NC 4.0,14.346666666666666,22.703,7.087333333333333,12.239999999999998,21.653,51.7,134.59,30.0
26635,-1.79472,38.0953,563,513,2024,121,2024-04-30,11,Brotación / desarrollo foliar,CC BY-NC 4.0,14.580333333333332,22.82466666666667,7.345333333333333,8.53,21.91933333333333,50.22133333333333,138.47,30.0
26635,-1.79472,38.0953,563,513,2024,125,2024-05-04,61,Floración,CC BY-NC 4.0,14.795999999999998,23.011,7.441666666666667,12.03,22.442666666666675,48.475333333333325,143.88,30.0
26635,-1.79472,38.0953,563,513,2024,131,2024-05-10,63,Floración,CC BY-NC 4.0,15.081333333333331,22.965666666666667,7.857,12.46,23.482666666666667,48.40200000000001,152.44000000000003,30.0
26635,-1.79472,38.0953,563,513,2024,135,2024-05-14,65,Floración,CC BY-NC 4.0,15.683,23.592,8.490666666666666,12.79,23.352,48.616333333333344,170.48999999999998,30.0
26635,-1.79472,38.0953,563,513,2024,140,2024-05-19,67,Floración,CC BY-NC 4.0,15.649,23.56833333333333,8.388,12.16,24.15666666666667,47.17066666666667,169.46999999999997,30.0
26635,-1.79472,38.0953,563,513,2024,208,2024-07-26,81,Envero / maduración,CC BY-NC 4.0,27.10166666666667,35.982,19.01866666666667,3.0899999999999994,28.401333333333337,38.68633333333334,513.05,30.0
26635,-1.79472,38.0953,563,513,2024,264,2024-09-20,89,Envero / maduración,CC BY-NC 4.0,23.114,30.787,17.076999999999998,23.28,19.515,55.64099999999999,393.42,30.0
26635,-1.79472,38.0953,563,513,2024,270,2024-09-26,100,Cosecha / post-cosecha,CC BY-NC 4.0,21.704,29.189333333333327,15.815666666666669,30.46,18.65533333333333,56.897000000000006,351.12,30.0
26635,-1.79472,38.0953,563,513,2024,333,2024-11-28,201,Senescencia / caída de hojas,CC BY-NC 4.0,12.7,18.773000000000003,8.708333333333332,15.15,9.461666666666668,76.81833333333333,82.32999999999997,30.0
26635,-1.79472,38.0953,563,513,2024,341,2024-12-06,93,Senescencia / caída de hojas,CC BY-NC 4.0,12.325000000000005,18.747333333333337,8.148666666666667,10.53,8.955666666666668,71.86033333333333,71.67999999999998,30.0
31669,2.5081,41.7686,571,565,2013,226,2013-08-14,85,Envero / maduración,CC BY-NC 4.0,23.941,30.928,17.566333333333333,34.89,24.876,58.12966666666668,418.23,30.0
31669,2.5081,41.7686,571,565,2013,258,2013-09-15,91,Cosecha / post-cosecha,CC BY-NC 4.0,19.68533333333333,25.76066666666668,14.454333333333333,53.150000000000006,18.525666666666663,67.42566666666666,290.56,30.0
31669,2.5081,41.7686,571,565,2014,105,2014-04-15,11,Brotación / desarrollo foliar,CC BY-NC 4.0,12.049,19.04533333333333,6.043999999999999,32.79,17.276333333333334,65.72566666666667,80.57000000000001,30.0
31669,2.5081,41.7686,571,565,2014,221,2014-08-09,85,Envero / maduración,CC BY-NC 4.0,22.256666666666668,28.794333333333327,16.056666666666665,43.26,23.875666666666667,62.98333333333334,367.7,30.0
31669,2.5081,41.7686,571,565,2015,102,2015-04-12,11,Brotación / desarrollo foliar,CC BY-NC 4.0,8.956,15.44466666666667,3.405,74.47,17.016333333333332,72.57466666666666,20.42,30.0
31669,2.5081,41.7686,571,565,2015,205,2015-07-24,85,Envero / maduración,CC BY-NC 4.0,25.907,33.11633333333334,19.21066666666667,3.3200000000000003,27.417000000000005,51.18600000000001,477.21,30.0
31669,2.5081,41.7686,571,565,2015,276,2015-10-03,91,Cosecha / post-cosecha,CC BY-NC 4.0,16.979,23.250333333333337,11.756666666666666,60.91,15.263666666666666,69.84966666666666,209.37,30.0
31669,2.5081,41.7686,571,565,2015,316,2015-11-12,95,Senescencia / caída de hojas,CC BY-NC 4.0,13.275,19.324,8.771333333333333,37.9,9.853666666666667,76.75800000000001,99.07,30.0
31669,2.5081,41.7686,571,565,2016,94,2016-04-03,11,Brotación / desarrollo foliar,CC BY-NC 4.0,8.05,14.675333333333333,2.8633333333333324,34.57,14.91933333333333,68.235,12.72,30.0
31669,2.5081,41.7686,571,565,2016,214,2016-08-01,85,Envero / maduración,CC BY-NC 4.0,23.74133333333333,30.87633333333333,16.901333333333334,8.549999999999999,26.293333333333337,54.46333333333333,412.24,30.0
31669,2.5081,41.7686,571,565,2016,283,2016-10-09,91,Cosecha / post-cosecha,CC BY-NC 4.0,17.485000000000003,23.670666666666666,12.300000000000002,46.28,15.023999999999996,69.44366666666666,224.55,30.0
31669,2.5081,41.7686,571,565,2016,314,2016-11-09,95,Senescencia / caída de hojas,CC BY-NC 4.0,12.902,18.441666666666663,8.717666666666666,94.48,9.273333333333332,76.22633333333334,98.64,30.0
31669,2.5081,41.7686,571,565,2017,80,2017-03-21,11,Brotación / desarrollo foliar,CC BY-NC 4.0,10.356,17.746333333333336,4.732666666666668,23.790000000000003,14.995333333333337,67.75566666666666,35.88,30.0
31669,2.5081,41.7686,571,565,2017,193,2017-07-12,85,Envero / maduración,CC BY-NC 4.0,23.798666666666666,30.814666666666664,16.861666666666665,42.43,27.229333333333333,55.27966666666667,413.96,30.0
31669,2.5081,41.7686,571,565,2017,264,2017-09-21,91,Cosecha / post-cosecha,CC BY-NC 4.0,18.834000000000003,25.106666666666666,13.377000000000002,49.01,17.056666666666665,68.32033333333334,265.02,30.0
31669,2.5081,41.7686,571,565,2017,305,2017-11-01,95,Senescencia / caída de hojas,CC BY-NC 4.0,15.847,22.959666666666667,10.51466666666667,57.6,12.640333333333333,72.35766666666667,175.41,30.0
31669,2.5081,41.7686,571,565,2018,213,2018-08-01,85,Envero / maduración,CC BY-NC 4.0,23.847,30.018,17.836333333333332,60.64999999999999,25.95266666666667,62.67599999999998,415.41,30.0
31669,2.5081,41.7686,571,565,2019,213,2019-08-01,85,Envero / maduración,CC BY-NC 4.0,24.41,31.129,18.032,58.540000000000006,24.766666666666666,57.39433333333332,432.3,30.0
31669,2.5081,41.7686,571,565,2019,244,2019-09-01,91,Cosecha / post-cosecha,CC BY-NC 4.0,23.489333333333327,30.257666666666665,17.636333333333333,25.44,21.89033333333333,60.017333333333326,404.68,30.0
31669,2.5081,41.7686,571,565,2019,282,2019-10-09,95,Senescencia / caída de hojas,CC BY-NC 4.0,18.73966666666667,25.306,13.588333333333331,46.36999999999998,15.450666666666669,66.59566666666666,262.19,30.0
31669,2.5081,41.7686,571,565,2021,77,2021-03-18,11,Brotación / desarrollo foliar,CC BY-NC 4.0,8.258333333333335,14.148,3.5080000000000005,48.96,11.870333333333331,80.92766666666667,1.1799999999999995,30.0
31669,2.5081,41.7686,571,565,2021,213,2021-08-01,85,Envero / maduración,CC BY-NC 4.0,22.852666666666664,29.32566666666667,16.590999999999998,16.28,24.899,61.461000000000006,385.58,30.0
31672,2.16958,41.6138,175,167,2020,71,2020-03-11,11,Brotación / desarrollo foliar,CC BY-NC 4.0,11.179333333333336,16.730666666666668,6.786333333333333,12.17,12.92033333333333,74.90866666666668,38.59,30.0
31672,2.16958,41.6138,175,167,2020,293,2020-10-19,95,Senescencia / caída de hojas,CC BY-NC 4.0,16.272,21.618666666666662,11.596333333333336,62.00999999999999,13.943666666666669,70.02333333333333,188.16000000000005,30.0
31672,2.16958,41.6138,175,167,2021,79,2021-03-20,11,Brotación / desarrollo foliar,CC BY-NC 4.0,10.412,14.919333333333334,6.781000000000001,27.020000000000007,12.105,79.25399999999999,21.31,30.0
31672,2.16958,41.6138,175,167,2021,252,2021-09-09,91,Cosecha / post-cosecha,CC BY-NC 4.0,24.338,29.45733333333333,20.328,31.75,19.278,69.52433333333333,430.14,30.0
31672,2.16958,41.6138,175,167,2021,302,2021-10-29,85,Envero / maduración,CC BY-NC 4.0,17.257333333333335,22.011000000000003,13.706999999999995,30.77,12.246,74.10833333333335,217.72,30.0
31673,3.07623,41.861,16,26,2014,92,2014-04-02,11,Brotación / desarrollo foliar,CC BY-NC 4.0,12.245666666666668,16.409666666666666,8.824000000000002,10.48,15.466666666666663,68.55966666666669,69.36,30.0
31673,3.07623,41.861,16,26,2014,279,2014-10-06,95,Senescencia / caída de hojas,CC BY-NC 4.0,21.584333333333333,24.799,18.707666666666668,130.30000000000004,15.404333333333335,74.98933333333335,347.53,30.0
31673,3.07623,41.861,16,26,2015,104,2015-04-14,11,Brotación / desarrollo foliar,CC BY-NC 4.0,12.441666666666665,16.173333333333336,9.086,73.28999999999999,17.62933333333333,74.06233333333334,76.92,30.0
31673,3.07623,41.861,16,26,2015,213,2015-08-01,85,Envero / maduración,CC BY-NC 4.0,26.221,30.275666666666663,22.319666666666663,17.09,25.312,61.76133333333333,486.63000000000005,30.0
31673,3.07623,41.861,16,26,2015,251,2015-09-08,91,Cosecha / post-cosecha,CC BY-NC 4.0,22.680333333333333,26.19266666666667,19.31566666666667,58.35,20.76933333333333,69.885,380.41,30.0
31673,3.07623,41.861,16,26,2015,315,2015-11-11,95,Senescencia / caída de hojas,CC BY-NC 4.0,16.127,19.772333333333336,13.345666666666666,45.27,9.598333333333333,78.17033333333335,183.81,30.0
31673,3.07623,41.861,16,26,2016,96,2016-04-05,11,Brotación / desarrollo foliar,CC BY-NC 4.0,11.382666666666664,15.218666666666666,8.232000000000001,63.03,14.400333333333332,72.37466666666666,52.75999999999999,30.0
31673,3.07623,41.861,16,26,2016,203,2016-07-21,85,Envero / maduración,CC BY-NC 4.0,24.06433333333333,28.001666666666665,20.03533333333333,2.33,27.350666666666665,62.028000000000006,421.93,30.0
31673,3.07623,41.861,16,26,2016,286,2016-10-12,91,Cosecha / post-cosecha,CC BY-NC 4.0,19.625333333333337,23.322333333333333,16.324333333333332,81.73,14.292666666666667,68.44366666666666,288.76000000000005,30.0
31673,3.07623,41.861,16,26,2016,315,2016-11-10,95,Senescencia / caída de hojas,CC BY-NC 4.0,15.881333333333336,19.494000000000003,13.048666666666666,121.95999999999998,9.740333333333334,77.446,176.97,30.0
31673,3.07623,41.861,16,26,2017,79,2017-03-20,11,Brotación / desarrollo foliar,CC BY-NC 4.0,12.782,17.366333333333333,9.389,28.96,14.769,72.62799999999999,84.4,30.0
31673,3.07623,41.861,16,26,2017,206,2017-07-25,85,Envero / maduración,CC BY-NC 4.0,23.759,27.594,19.98366666666667,64.31,25.960333333333327,68.12233333333333,412.77,30.0
31673,3.07623,41.861,16,26,2017,268,2017-09-25,91,Cosecha / post-cosecha,CC BY-NC 4.0,20.593000000000007,24.24633333333333,17.254666666666665,56.41,15.992,69.37633333333333,317.79,30.0
31673,3.07623,41.861,16,26,2017,304,2017-10-31,95,Senescencia / caída de hojas,CC BY-NC 4.0,18.46633333333333,22.529,15.290666666666665,52.74,12.849333333333332,73.233,253.99,30.0
31673,3.07623,41.861,16,26,2018,92,2018-04-02,11,Brotación / desarrollo foliar,CC BY-NC 4.0,11.066333333333336,14.884666666666668,7.822333333333334,68.83,15.645999999999995,73.126,41.930000000000014,30.0
31673,3.07623,41.861,16,26,2018,214,2018-08-02,85,Envero / maduración,CC BY-NC 4.0,25.550000000000004,29.086,22.091,52.14999999999999,26.13733333333333,66.773,466.5,30.0
31673,3.07623,41.861,16,26,2018,267,2018-09-24,91,Cosecha / post-cosecha,CC BY-NC 4.0,22.907666666666668,26.23533333333334,20.075333333333333,42.77,17.08133333333333,73.49866666666667,387.23,30.0
31673,3.07623,41.861,16,26,2018,299,2018-10-26,95,Senescencia / caída de hojas,CC BY-NC 4.0,18.78966666666667,22.36233333333333,15.963,168.22999999999996,12.938,75.81500000000001,263.69,30.0
31673,3.07623,41.861,16,26,2019,84,2019-03-25,11,Brotación / desarrollo foliar,CC BY-NC 4.0,12.549333333333331,17.064333333333334,8.951999999999998,4.18,16.93,69.43833333333332,76.48,30.0
31673,3.07623,41.861,16,26,2019,193,2019-07-12,85,Envero / maduración,CC BY-NC 4.0,24.168333333333333,28.069666666666663,20.407333333333334,28.64,27.215666666666667,66.91066666666667,425.05,30.0
31673,3.07623,41.861,16,26,2019,254,2019-09-11,91,Cosecha / post-cosecha,CC BY-NC 4.0,23.19233333333333,27.160666666666664,19.59666666666667,75.39,19.613666666666667,64.55033333333334,395.77,30.0
31673,3.07623,41.861,16,26,2019,285,2019-10-12,95,Senescencia / caída de hojas,CC BY-NC 4.0,20.775333333333336,24.66633333333333,17.575333333333333,25.62,15.484666666666664,72.45866666666667,323.26,30.0
31673,3.07623,41.861,16,26,2020,189,2020-07-07,85,Envero / maduración,CC BY-NC 4.0,21.519333333333336,25.115333333333336,17.99566666666667,66.69,26.33866666666667,72.24533333333332,345.58,30.0
31673,3.07623,41.861,16,26,2020,252,2020-09-08,91,Cosecha / post-cosecha,CC BY-NC 4.0,23.837,27.494,20.41166666666667,74.65,20.69233333333334,70.28066666666665,415.11,30.0
31673,3.07623,41.861,16,26,2020,272,2020-09-28,95,Senescencia / caída de hojas,CC BY-NC 4.0,21.226333333333336,24.743,17.947,85.86999999999999,17.417666666666666,70.41566666666668,336.79,30.0
31673,3.07623,41.861,16,26,2021,75,2021-03-16,11,Brotación / desarrollo foliar,CC BY-NC 4.0,11.453333333333337,14.879666666666669,8.788,44.16,11.443666666666669,82.40533333333335,44.46,30.0
31673,3.07623,41.861,16,26,2021,214,2021-08-02,85,Envero / maduración,CC BY-NC 4.0,24.25733333333333,28.073,20.331333333333337,16.41,25.90033333333334,65.36466666666665,427.72,30.0
31673,3.07623,41.861,16,26,2021,265,2021-09-22,91,Cosecha / post-cosecha,CC BY-NC 4.0,22.890000000000004,26.13600000000001,20.059000000000005,94.04,17.313333333333333,74.37466666666666,386.69999999999993,30.0
31673,3.07623,41.861,16,26,2021,301,2021-10-28,95,Senescencia / caída de hojas,CC BY-NC 4.0,17.636,21.641666666666666,14.307999999999998,19.64,13.167,71.84233333333331,229.08,30.0
31703,1.52763,41.41,599,591,2014,234,2014-08-22,85,Envero / maduración,CC BY-NC 4.0,23.597,29.932666666666663,18.19433333333333,39.11,21.953666666666667,62.925,407.9099999999999,30.0
31703,1.52763,41.41,599,591,2014,278,2014-10-05,91,Cosecha / post-cosecha,CC BY-NC 4.0,20.446333333333328,25.56933333333333,16.393333333333334,83.16,15.19,76.24666666666666,313.39000000000004,30.0
31703,1.52763,41.41,599,591,2014,318,2014-11-14,95,Senescencia / caída de hojas,CC BY-NC 4.0,14.487666666666668,20.98433333333333,10.025666666666664,16.689999999999998,10.373333333333337,73.59,141.51,30.0
31703,1.52763,41.41,599,591,2015,109,2015-04-19,11,Brotación / desarrollo foliar,CC BY-NC 4.0,12.176666666666668,19.148666666666664,6.4096666666666655,45.940000000000005,19.462666666666667,67.36366666666665,72.03999999999999,30.0
31703,1.52763,41.41,599,591,2015,225,2015-08-13,85,Envero / maduración,CC BY-NC 4.0,25.781333333333336,32.45666666666666,19.87533333333333,34.86,23.82533333333333,62.150666666666666,473.44000000000005,30.0
31703,1.52763,41.41,599,591,2015,273,2015-09-30,91,Cosecha / post-cosecha,CC BY-NC 4.0,18.90233333333333,24.71333333333333,14.386,63.13,16.121000000000002,69.62833333333333,267.07,30.0
31703,1.52763,41.41,599,591,2015,310,2015-11-06,95,Senescencia / caída de hojas,CC BY-NC 4.0,14.312333333333331,19.751,9.884666666666666,44.75000000000001,10.958666666666666,78.14599999999999,129.36999999999998,30.0
31703,1.52763,41.41,599,591,2016,106,2016-04-15,11,Brotación / desarrollo foliar,CC BY-NC 4.0,11.256999999999998,17.664666666666665,5.7093333333333325,51.0,17.611666666666668,68.97,47.64000000000001,30.0
31703,1.52763,41.41,599,591,2016,242,2016-08-29,85,Envero / maduración,CC BY-NC 4.0,24.632666666666672,31.839,18.87333333333333,6.42,24.242,59.73566666666667,438.98,30.0
31703,1.52763,41.41,599,591,2016,302,2016-10-28,91,Cosecha / post-cosecha,CC BY-NC 4.0,16.398000000000003,21.68333333333333,12.641,70.66,11.049666666666669,79.80666666666666,191.94,30.0
31703,1.52763,41.41,599,591,2016,321,2016-11-16,95,Senescencia / caída de hojas,CC BY-NC 4.0,12.941000000000004,18.773666666666664,8.959333333333335,14.1,9.786333333333332,76.45700000000001,101.19,30.0
31704,1.52876,41.4694,633,629,2014,228,2014-08-16,85,Envero / maduración,CC BY-NC 4.0,24.13233333333333,30.73633333333333,18.212,11.18,23.91,59.115,423.97,30.0
31704,1.52876,41.4694,633,629,2014,276,2014-10-03,91,Cosecha / post-cosecha,CC BY-NC 4.0,20.764333333333333,25.919666666666664,16.712666666666667,80.33999999999999,15.283666666666669,75.821,322.93,30.0
31704,1.52876,41.4694,633,629,2014,313,2014-11-09,95,Senescencia / caída de hojas,CC BY-NC 4.0,15.561333333333332,22.031,11.001,18.81,11.206333333333331,72.39666666666666,170.69,30.0
31704,1.52876,41.4694,633,629,2015,95,2015-04-05,11,Brotación / desarrollo foliar,CC BY-NC 4.0,10.695333333333334,17.353,5.321,48.540000000000006,16.702333333333332,69.18533333333333,42.84,30.0
31704,1.52876,41.4694,633,629,2015,216,2015-08-04,85,Envero / maduración,CC BY-NC 4.0,26.45966666666667,33.379333333333335,20.45166666666666,22.670000000000005,25.498,59.43366666666666,493.79,30.0
31704,1.52876,41.4694,633,629,2015,266,2015-09-23,91,Cosecha / post-cosecha,CC BY-NC 4.0,20.36633333333333,26.580666666666666,15.375999999999998,37.78,18.277,68.53,310.99000000000007,30.0
31704,1.52876,41.4694,633,629,2015,305,2015-11-01,95,Senescencia / caída de hojas,CC BY-NC 4.0,14.855,20.396,10.386333333333337,29.36,11.514000000000005,76.62466666666667,145.65000000000003,30.0
31704,1.52876,41.4694,633,629,2016,94,2016-04-03,11,Brotación / desarrollo foliar,CC BY-NC 4.0,8.963999999999999,15.373666666666669,3.539333333333334,42.33,15.625333333333336,68.53333333333333,20.24,30.0
31704,1.52876,41.4694,633,629,2016,230,2016-08-17,85,Envero / maduración,CC BY-NC 4.0,24.932,32.12733333333333,18.97000000000001,13.75,25.686666666666664,58.37566666666667,447.96,30.0
31704,1.52876,41.4694,633,629,2016,298,2016-10-24,91,Cosecha / post-cosecha,CC BY-NC 4.0,16.650666666666666,21.95566666666667,12.786333333333337,73.18999999999998,11.865000000000002,78.79533333333333,199.52,30.0
31704,1.52876,41.4694,633,629,2016,317,2016-11-12,95,Senescencia / caída de hojas,CC BY-NC 4.0,13.571000000000002,19.207999999999995,9.736333333333334,21.66,9.873,78.85066666666667,118.61,30.0
31707,0.66541,41.2861,347,328,2013,110,2013-04-20,11,Brotación / desarrollo foliar,CC BY-NC 4.0,12.366,19.10033333333333,6.423666666666667,21.98,19.892333333333333,68.13133333333333,79.92999999999999,30.0
31707,0.66541,41.2861,347,328,2013,226,2013-08-14,85,Envero / maduración,CC BY-NC 4.0,25.717,33.17366666666666,19.036,14.43,25.276,56.86933333333333,471.50999999999993,30.0
31707,0.66541,41.2861,347,328,2013,294,2013-10-21,91,Cosecha / post-cosecha,CC BY-NC 4.0,19.153,25.93466666666667,13.951999999999998,14.58,14.690000000000005,69.50566666666667,274.59,30.0
31707,0.66541,41.2861,347,328,2013,317,2013-11-13,95,Senescencia / caída de hojas,CC BY-NC 4.0,15.984000000000002,22.332000000000004,11.287,4.19,11.085333333333336,69.01833333333333,179.67000000000002,30.0
31707,0.66541,41.2861,347,328,2014,114,2014-04-24,11,Brotación / desarrollo foliar,CC BY-NC 4.0,14.224333333333334,21.276,8.379333333333333,47.61,19.414,67.99633333333333,130.17999999999998,30.0
31707,0.66541,41.2861,347,328,2014,221,2014-08-09,85,Envero / maduración,CC BY-NC 4.0,25.008333333333333,32.506,18.091,9.88,25.89066666666667,53.917,450.25,30.0
31707,0.66541,41.2861,347,328,2014,294,2014-10-21,91,Cosecha / post-cosecha,CC BY-NC 4.0,18.439,24.65566666666667,13.67166666666667,56.67,13.256333333333332,72.778,253.17,30.0
31707,0.66541,41.2861,347,328,2014,303,2014-10-30,95,Senescencia / caída de hojas,CC BY-NC 4.0,18.017,25.028,13.036,16.049999999999997,12.999,70.71,240.51,30.0
31707,0.66541,41.2861,347,328,2015,117,2015-04-27,11,Brotación / desarrollo foliar,CC BY-NC 4.0,13.953333333333331,21.59733333333334,7.640666666666666,19.69,21.291999999999994,64.038,118.64,30.0
31707,0.66541,41.2861,347,328,2015,213,2015-08-01,85,Envero / maduración,CC BY-NC 4.0,27.676333333333336,35.61866666666667,20.55666666666667,25.21,26.048,50.975,530.29,30.0
31707,0.66541,41.2861,347,328,2015,270,2015-09-27,91,Cosecha / post-cosecha,CC BY-NC 4.0,20.055333333333333,26.993666666666662,14.376333333333337,40.11,17.732000000000003,62.43033333333334,301.66,30.0
31707,0.66541,41.2861,347,328,2015,313,2015-11-09,95,Senescencia / caída de hojas,CC BY-NC 4.0,14.445666666666662,20.57933333333333,9.601,51.830000000000005,10.710333333333333,76.39233333333333,133.37000000000003,30.0
31707,0.66541,41.2861,347,328,2016,115,2016-04-24,11,Brotación / desarrollo foliar,CC BY-NC 4.0,12.994666666666667,20.022,6.813333333333333,44.12,20.071000000000005,64.474,91.55,30.0
31707,0.66541,41.2861,347,328,2016,222,2016-08-09,85,Envero / maduración,CC BY-NC 4.0,26.032333333333334,34.34,18.712333333333333,11.54,26.92,49.78433333333333,480.97,30.0
31707,0.66541,41.2861,347,328,2016,289,2016-10-15,91,Cosecha / post-cosecha,CC BY-NC 4.0,18.175666666666665,24.85966666666667,13.095999999999998,47.16,15.338333333333336,69.73666666666668,245.27,30.0
31707,0.66541,41.2861,347,328,2016,304,2016-10-30,95,Senescencia / caída de hojas,CC BY-NC 4.0,16.46933333333333,22.88766666666667,11.799000000000005,43.38999999999999,11.392,74.53433333333334,194.08,30.0
31707,0.66541,41.2861,347,328,2017,99,2017-04-09,11,Brotación / desarrollo foliar,CC BY-NC 4.0,12.041666666666668,19.52166666666666,6.087333333333334,52.05,19.018666666666668,67.76066666666667,71.08,30.0
31707,0.66541,41.2861,347,328,2017,213,2017-08-01,85,Envero / maduración,CC BY-NC 4.0,26.054333333333336,33.878,19.182,19.62,25.614666666666665,55.72933333333334,481.63,30.0
31707,0.66541,41.2861,347,328,2017,288,2017-10-15,91,Cosecha / post-cosecha,CC BY-NC 4.0,18.864,26.322333333333333,13.436666666666667,9.44,16.355999999999998,70.23933333333335,265.92,30.0
31707,0.66541,41.2861,347,328,2017,307,2017-11-03,95,Senescencia / caída de hojas,CC BY-NC 4.0,16.522333333333332,23.87033333333333,11.390999999999998,38.28999999999999,13.549666666666663,72.06500000000001,195.67,30.0
31707,0.66541,41.2861,347,328,2018,108,2018-04-18,11,Brotación / desarrollo foliar,CC BY-NC 4.0,10.701666666666666,17.365666666666662,4.863666666666668,86.63,17.108999999999998,69.16066666666667,46.27000000000001,30.0
31707,0.66541,41.2861,347,328,2018,218,2018-08-06,85,Envero / maduración,CC BY-NC 4.0,27.16933333333333,35.14733333333333,20.15233333333333,35.14,26.868,55.651,515.08,30.0
31707,0.66541,41.2861,347,328,2018,294,2018-10-21,91,Cosecha / post-cosecha,CC BY-NC 4.0,18.412333333333336,25.131666666666668,13.149666666666668,117.61999999999998,14.82566666666667,69.85233333333332,252.37,30.0
31707,0.66541,41.2861,347,328,2018,319,2018-11-15,95,Senescencia / caída de hojas,CC BY-NC 4.0,12.23733333333333,17.885666666666665,7.898,135.03000000000003,9.338333333333331,79.60000000000001,80.28999999999999,30.0
31707,0.66541,41.2861,347,328,2019,111,2019-04-21,11,Brotación / desarrollo foliar,CC BY-NC 4.0,11.776666666666666,18.79533333333334,6.006666666666665,28.06,18.795666666666666,62.873000000000005,59.43000000000001,30.0
31707,0.66541,41.2861,347,328,2019,218,2019-08-06,85,Envero / maduración,CC BY-NC 4.0,26.148,34.142,19.099666666666668,31.13,25.619333333333337,52.76466666666668,484.44000000000005,30.0
31707,0.66541,41.2861,347,328,2019,282,2019-10-09,91,Cosecha / post-cosecha,CC BY-NC 4.0,20.687666666666665,28.079000000000004,14.918666666666669,21.9,16.823999999999998,62.16833333333332,320.62999999999994,30.0
31707,0.66541,41.2861,347,328,2019,310,2019-11-06,95,Senescencia / caída de hojas,CC BY-NC 4.0,15.584666666666667,21.474,10.772666666666664,115.99,11.016666666666664,74.948,167.54,30.0
31707,0.66541,41.2861,347,328,2020,109,2020-04-18,11,Brotación / desarrollo foliar,CC BY-NC 4.0,11.193333333333332,17.016000000000002,6.46,71.46,15.861666666666668,76.15333333333335,50.64,30.0
31707,0.66541,41.2861,347,328,2020,216,2020-08-03,85,Envero / maduración,CC BY-NC 4.0,26.116333333333333,34.04366666666667,19.06066666666667,14.010000000000002,27.114,56.010000000000005,483.49,30.0
31707,0.66541,41.2861,347,328,2020,275,2020-10-01,91,Cosecha / post-cosecha,CC BY-NC 4.0,20.188666666666663,27.014,14.560333333333334,31.62,18.438666666666663,65.66633333333334,305.6600000000001,30.0
31707,0.66541,41.2861,347,328,2020,295,2020-10-21,95,Senescencia / caída de hojas,CC BY-NC 4.0,14.882333333333332,21.680333333333337,9.364666666666666,24.59,14.830666666666668,68.19466666666668,147.75,30.0
31707,0.66541,41.2861,347,328,2021,99,2021-04-09,11,Brotación / desarrollo foliar,CC BY-NC 4.0,11.092333333333334,19.09866666666666,4.781666666666666,5.19,19.662333333333333,65.632,44.75,30.0
31707,0.66541,41.2861,347,328,2021,221,2021-08-09,85,Envero / maduración,CC BY-NC 4.0,25.066333333333333,32.836666666666666,17.96633333333333,16.57,25.63566666666667,55.11666666666667,451.99,30.0
31707,0.66541,41.2861,347,328,2021,285,2021-10-12,91,Cosecha / post-cosecha,CC BY-NC 4.0,18.732666666666663,25.345333333333336,13.358666666666666,44.17,15.370666666666668,68.595,261.9800000000001,30.0
31707,0.66541,41.2861,347,328,2021,307,2021-11-03,95,Senescencia / caída de hojas,CC BY-NC 4.0,15.052333333333332,21.912333333333336,9.801666666666668,17.929999999999996,13.298666666666664,72.20366666666668,151.70999999999998,30.0
31716,0.741339,41.0794,250,222,2013,243,2013-08-31,85,Envero / maduración,CC BY-NC 4.0,24.486333333333327,30.62633333333333,19.216666666666665,19.03,22.832666666666668,63.27566666666668,434.59,30.0
31716,0.741339,41.0794,250,222,2014,244,2014-09-01,85,Envero / maduración,CC BY-NC 4.0,24.353666666666665,30.28766666666666,19.435,37.39,22.82666666666666,66.13266666666668,430.61,30.0
31716,0.741339,41.0794,250,222,2015,247,2015-09-04,85,Envero / maduración,CC BY-NC 4.0,24.12933333333333,29.596666666666668,19.641,54.28000000000001,21.214,66.72000000000001,423.8800000000001,30.0
31716,0.741339,41.0794,250,222,2016,239,2016-08-26,85,Envero / maduración,CC BY-NC 4.0,25.701999999999995,32.62233333333334,20.10833333333333,6.54,25.34766666666667,57.88133333333333,471.06000000000006,30.0
31716,0.741339,41.0794,250,222,2017,230,2017-08-18,85,Envero / maduración,CC BY-NC 4.0,25.447333333333333,31.68533333333333,20.16533333333333,20.52,24.110333333333333,61.63766666666666,463.42,30.0
31716,0.741339,41.0794,250,222,2018,235,2018-08-23,85,Envero / maduración,CC BY-NC 4.0,26.581,32.839333333333336,21.442666666666664,40.91,24.790000000000003,63.364333333333335,497.43000000000006,30.0
31716,0.741339,41.0794,250,222,2019,231,2019-08-19,85,Envero / maduración,CC BY-NC 4.0,26.32933333333333,33.067,20.61133333333333,19.180000000000003,25.04633333333334,57.385,489.88000000000005,30.0
31716,0.741339,41.0794,250,222,2020,238,2020-08-25,85,Envero / maduración,CC BY-NC 4.0,26.91066666666666,33.34966666666667,21.34733333333333,7.249999999999999,24.406666666666663,59.211333333333336,507.32,30.0
31716,0.741339,41.0794,250,222,2021,237,2021-08-25,85,Envero / maduración,CC BY-NC 4.0,25.64033333333333,32.16133333333333,20.26966666666667,32.18,23.701666666666664,59.45566666666666,469.21,30.0
31721,1.59432,41.2654,135,127,2018,78,2018-03-19,11,Brotación / desarrollo foliar,CC BY-NC 4.0,8.710333333333333,13.80766666666667,4.587,55.52,13.022333333333336,73.99366666666667,15.269999999999996,30.0
31721,1.59432,41.2654,135,127,2018,230,2018-08-18,85,Envero / maduración,CC BY-NC 4.0,25.71333333333333,30.468666666666667,21.53933333333333,76.52000000000001,23.446666666666665,67.38866666666667,471.4,30.0
31721,1.59432,41.2654,135,127,2018,267,2018-09-24,91,Cosecha / post-cosecha,CC BY-NC 4.0,22.86966666666667,27.29833333333333,19.446333333333328,64.67,17.897000000000002,75.04400000000001,386.0899999999999,30.0
31721,1.59432,41.2654,135,127,2018,277,2018-10-04,95,Senescencia / caída de hojas,CC BY-NC 4.0,21.68833333333333,26.734,17.678000000000004,34.09,17.351333333333333,70.85166666666667,350.65000000000003,30.0
31721,1.59432,41.2654,135,127,2019,81,2019-03-22,11,Brotación / desarrollo foliar,CC BY-NC 4.0,11.60266666666667,18.179,6.700333333333334,4.27,16.881,68.86866666666667,50.06,30.0
31721,1.59432,41.2654,135,127,2019,224,2019-08-12,85,Envero / maduración,CC BY-NC 4.0,25.81733333333333,31.34333333333333,20.987666666666662,47.35000000000001,25.46033333333333,60.84433333333333,474.52,30.0
31721,1.59432,41.2654,135,127,2019,265,2019-09-22,91,Cosecha / post-cosecha,CC BY-NC 4.0,22.563,27.46833333333333,18.58533333333333,131.07999999999998,18.137,67.222,376.89,30.0
31721,1.59432,41.2654,135,127,2019,282,2019-10-09,95,Senescencia / caída de hojas,CC BY-NC 4.0,20.75833333333333,26.127,16.75433333333333,38.08,15.807999999999998,70.291,322.74999999999994,30.0
31721,1.59432,41.2654,135,127,2020,74,2020-03-14,11,Brotación / desarrollo foliar,CC BY-NC 4.0,11.379,17.034333333333333,6.972333333333333,13.64,14.023,74.31966666666668,44.58,30.0
31721,1.59432,41.2654,135,127,2020,214,2020-08-01,85,Envero / maduración,CC BY-NC 4.0,24.671,29.645,20.39633333333333,56.68000000000001,27.017666666666667,67.82833333333335,440.13,30.0
31721,1.59432,41.2654,135,127,2020,262,2020-09-18,91,Cosecha / post-cosecha,CC BY-NC 4.0,23.038666666666664,28.022333333333336,19.16633333333333,96.64,20.06433333333333,69.929,391.16,30.0
31721,1.59432,41.2654,135,127,2020,268,2020-09-24,95,Senescencia / caída de hojas,CC BY-NC 4.0,22.17966666666667,27.121333333333336,18.24233333333333,106.72,18.362,69.71966666666667,365.38999999999993,30.0
31721,1.59432,41.2654,135,127,2021,71,2021-03-12,11,Brotación / desarrollo foliar,CC BY-NC 4.0,10.201666666666666,14.434,6.8950000000000005,27.53,10.249666666666666,83.779,15.24,30.0
31721,1.59432,41.2654,135,127,2021,259,2021-09-16,91,Cosecha / post-cosecha,CC BY-NC 4.0,23.433666666666664,28.220666666666663,19.682333333333325,43.29,18.027,73.03066666666668,403.0100000000001,30.0
31721,1.59432,41.2654,135,127,2021,289,2021-10-16,95,Senescencia / caída de hojas,CC BY-NC 4.0,19.258666666666667,24.059000000000005,15.626666666666669,48.46,14.316999999999998,71.12533333333333,277.75999999999993,30.0
31732,1.01252,41.1256,140,138,2013,218,2013-08-06,85,Envero / maduración,CC BY-NC 4.0,25.81266666666666,28.232333333333337,23.501,21.890000000000004,25.80133333333333,70.52033333333333,474.38,30.0
31732,1.01252,41.1256,140,138,2014,217,2014-08-05,85,Envero / maduración,CC BY-NC 4.0,24.083,27.038333333333338,21.148000000000003,9.81,25.442,68.49133333333333,422.49,30.0
31732,1.01252,41.1256,140,138,2015,216,2015-08-04,85,Envero / maduración,CC BY-NC 4.0,26.215666666666667,28.915333333333333,23.863333333333333,19.01,25.498,72.61799999999998,486.47,30.0
31732,1.01252,41.1256,140,138,2016,89,2016-03-29,11,Brotación / desarrollo foliar,CC BY-NC 4.0,11.305333333333332,14.696666666666667,8.164666666666667,25.930000000000003,15.327333333333334,71.27366666666668,41.510000000000005,30.0
31732,1.01252,41.1256,140,138,2016,215,2016-08-02,85,Envero / maduración,CC BY-NC 4.0,25.006,27.858,22.468666666666664,5.63,27.030666666666665,68.63066666666667,450.18,30.0
31732,1.01252,41.1256,140,138,2016,285,2016-10-11,91,Cosecha / post-cosecha,CC BY-NC 4.0,21.314000000000004,23.80266666666667,19.17466666666666,42.870000000000005,15.344333333333331,72.86666666666666,339.42,30.0
31732,1.01252,41.1256,140,138,2016,320,2016-11-15,95,Senescencia / caída de hojas,CC BY-NC 4.0,16.94,19.533666666666665,14.675333333333333,19.239999999999995,9.634666666666668,75.71300000000001,208.2,30.0
31732,1.01252,41.1256,140,138,2017,73,2017-03-14,11,Brotación / desarrollo foliar,CC BY-NC 4.0,12.633666666666665,15.772,10.093666666666667,28.3,13.22133333333333,78.04466666666667,79.31000000000002,30.0
31732,1.01252,41.1256,140,138,2017,206,2017-07-25,85,Envero / maduración,CC BY-NC 4.0,24.56,27.273,21.846333333333337,21.349999999999994,26.266333333333325,69.76233333333333,436.8,30.0
31732,1.01252,41.1256,140,138,2017,255,2017-09-12,91,Cosecha / post-cosecha,CC BY-NC 4.0,24.166,26.91033333333333,21.782,28.500000000000004,20.398000000000003,72.23599999999998,424.98,30.0
31732,1.01252,41.1256,140,138,2017,297,2017-10-24,95,Senescencia / caída de hojas,CC BY-NC 4.0,20.428666666666665,22.772666666666662,18.611666666666668,61.010000000000005,13.516666666666667,76.32733333333336,312.86,30.0
31732,1.01252,41.1256,140,138,2018,86,2018-03-27,11,Brotación / desarrollo foliar,CC BY-NC 4.0,11.078666666666663,14.220666666666665,8.352333333333332,63.64,13.688333333333333,74.97633333333333,44.61,30.0
31732,1.01252,41.1256,140,138,2018,213,2018-08-01,85,Envero / maduración,CC BY-NC 4.0,25.66133333333333,28.32366666666667,23.199,35.54,26.517,71.72166666666665,469.84,30.0
31732,1.01252,41.1256,140,138,2018,254,2018-09-11,91,Cosecha / post-cosecha,CC BY-NC 4.0,24.80933333333333,27.09466666666668,22.84733333333333,70.92999999999999,20.077,73.71566666666668,444.28,30.0
31732,1.01252,41.1256,140,138,2018,289,2018-10-16,95,Senescencia / caída de hojas,CC BY-NC 4.0,21.65966666666667,24.243,19.324000000000005,67.56,15.467999999999998,73.06333333333332,349.79,30.0
31732,1.01252,41.1256,140,138,2019,86,2019-03-27,11,Brotación / desarrollo foliar,CC BY-NC 4.0,13.30733333333333,17.078666666666667,9.977333333333332,2.49,17.93866666666667,68.39933333333335,99.22,30.0
31732,1.01252,41.1256,140,138,2019,219,2019-08-07,85,Envero / maduración,CC BY-NC 4.0,25.634333333333338,28.56233333333333,22.89933333333334,19.550000000000004,26.06833333333334,68.67266666666667,469.03,30.0
31732,1.01252,41.1256,140,138,2019,246,2019-09-03,91,Cosecha / post-cosecha,CC BY-NC 4.0,25.50266666666666,28.14033333333334,23.31733333333333,65.42,21.633000000000003,71.73066666666665,465.08,30.0
31732,1.01252,41.1256,140,138,2019,316,2019-11-12,95,Senescencia / caída de hojas,CC BY-NC 4.0,17.21066666666667,19.915,14.613666666666663,79.22000000000001,10.238,73.26866666666668,216.32,30.0
31732,1.01252,41.1256,140,138,2020,70,2020-03-10,11,Brotación / desarrollo foliar,CC BY-NC 4.0,12.872666666666667,16.381,9.75,8.810000000000002,13.227333333333332,75.45433333333334,86.18,30.0
31732,1.01252,41.1256,140,138,2020,175,2020-06-23,91,Cosecha / post-cosecha,CC BY-NC 4.0,20.635666666666665,23.122666666666664,17.926666666666662,57.73,24.01633333333333,73.644,319.07000000000005,30.0
31732,1.01252,41.1256,140,138,2020,217,2020-08-04,85,Envero / maduración,CC BY-NC 4.0,25.752,28.496666666666663,23.28333333333334,23.290000000000006,26.73399999999999,68.53833333333334,472.56,30.0
31732,1.01252,41.1256,140,138,2020,280,2020-10-06,95,Senescencia / caída de hojas,CC BY-NC 4.0,21.621666666666663,24.54666666666667,18.895333333333333,60.23000000000001,16.102999999999998,68.786,348.65000000000003,30.0
31732,1.01252,41.1256,140,138,2021,82,2021-03-23,11,Brotación / desarrollo foliar,CC BY-NC 4.0,11.91266666666667,14.655333333333337,9.474333333333334,19.01,13.617000000000004,77.75266666666666,59.34,30.0
31732,1.01252,41.1256,140,138,2021,215,2021-08-03,85,Envero / maduración,CC BY-NC 4.0,24.599,27.51666666666668,21.862666666666662,12.339999999999998,25.636666666666667,68.41566666666667,437.97,30.0
31732,1.01252,41.1256,140,138,2021,250,2021-09-07,91,Cosecha / post-cosecha,CC BY-NC 4.0,25.128,27.656,23.08833333333333,63.010000000000005,20.014666666666663,72.14099999999999,453.84,30.0
31732,1.01252,41.1256,140,138,2021,292,2021-10-19,95,Senescencia / caída de hojas,CC BY-NC 4.0,20.61233333333333,23.091,18.336666666666662,37.13,13.728999999999996,72.92333333333333,318.37000000000006,30.0
31743,1.85123,41.3515,275,268,2013,214,2013-08-02,85,Envero / maduración,CC BY-NC 4.0,25.480666666666664,30.634,20.886,19.69,26.61500000000001,60.616666666666674,464.42,30.0
31743,1.85123,41.3515,275,268,2013,272,2013-09-29,91,Cosecha / post-cosecha,CC BY-NC 4.0,21.300666666666668,26.459,17.244333333333334,22.680000000000003,18.845333333333336,70.06400000000001,339.0199999999999,30.0
31743,1.85123,41.3515,275,268,2013,317,2013-11-13,95,Senescencia / caída de hojas,CC BY-NC 4.0,17.055666666666667,22.549333333333337,13.31966666666667,2.989999999999999,10.791999999999998,71.06566666666667,211.67,30.0
31743,1.85123,41.3515,275,268,2014,92,2014-04-02,11,Brotación / desarrollo foliar,CC BY-NC 4.0,11.499999999999998,17.404333333333334,6.722333333333334,17.61,16.18033333333333,65.33833333333334,51.96999999999999,30.0
31743,1.85123,41.3515,275,268,2014,220,2014-08-08,85,Envero / maduración,CC BY-NC 4.0,24.266,29.828333333333333,19.300666666666665,15.89,25.432,62.17333333333333,427.98,30.0
31743,1.85123,41.3515,275,268,2014,296,2014-10-23,91,Cosecha / post-cosecha,CC BY-NC 4.0,19.46266666666667,24.642666666666667,15.527,65.45000000000002,13.689,72.20433333333332,283.88,30.0
31743,1.85123,41.3515,275,268,2014,318,2014-11-14,95,Senescencia / caída de hojas,CC BY-NC 4.0,16.064666666666668,21.51766666666667,12.151333333333334,13.75,10.373333333333337,71.39566666666666,181.94000000000003,30.0
31743,1.85123,41.3515,275,268,2015,106,2015-04-16,11,Brotación / desarrollo foliar,CC BY-NC 4.0,12.49,18.25566666666667,7.816666666666666,42.74,18.54833333333333,69.07033333333335,76.41999999999999,30.0
31743,1.85123,41.3515,275,268,2015,229,2015-08-17,85,Envero / maduración,CC BY-NC 4.0,25.453666666666663,30.69033333333333,20.89833333333333,41.41,22.914666666666665,65.16,463.61,30.0
31743,1.85123,41.3515,275,268,2015,287,2015-10-14,91,Cosecha / post-cosecha,CC BY-NC 4.0,18.587,23.483,14.890999999999998,66.77,15.072,73.20033333333335,257.61,30.0
31743,1.85123,41.3515,275,268,2015,307,2015-11-03,95,Senescencia / caída de hojas,CC BY-NC 4.0,16.064,20.55966666666666,12.613666666666663,49.79,11.249000000000002,77.20933333333332,181.92000000000004,30.0
31743,1.85123,41.3515,275,268,2016,92,2016-04-01,11,Brotación / desarrollo foliar,CC BY-NC 4.0,9.855666666666666,15.689000000000002,5.086333333333332,40.56,15.668666666666669,69.09833333333334,28.88,30.0
31743,1.85123,41.3515,275,268,2016,232,2016-08-19,85,Envero / maduración,CC BY-NC 4.0,25.051666666666662,30.80733333333333,20.183,16.459999999999997,25.481666666666666,61.643,451.55,30.0
31743,1.85123,41.3515,275,268,2016,324,2016-11-19,91,Cosecha / post-cosecha,CC BY-NC 4.0,13.866333333333335,18.96133333333333,10.373333333333337,15.32,9.58,76.76933333333335,119.15,30.0
31743,1.85123,41.3515,275,268,2017,104,2017-04-14,11,Brotación / desarrollo foliar,CC BY-NC 4.0,13.55,19.574666666666666,8.684333333333335,61.8,20.0,66.89933333333333,109.75,30.0
31743,1.85123,41.3515,275,268,2017,322,2017-11-18,91,Cosecha / post-cosecha,CC BY-NC 4.0,13.863,19.44666666666667,9.779666666666664,10.579999999999998,10.997000000000002,66.81066666666668,119.84,30.0
31743,1.85123,41.3515,275,268,2017,355,2017-12-21,95,Senescencia / caída de hojas,CC BY-NC 4.0,7.389666666666666,12.724999999999998,3.863,15.0,7.373000000000001,70.09933333333335,12.86,30.0
31743,1.85123,41.3515,275,268,2018,111,2018-04-21,11,Brotación / desarrollo foliar,CC BY-NC 4.0,12.164333333333332,17.377666666666666,7.4893333333333345,106.16,17.543333333333333,73.05666666666667,70.51000000000002,30.0
31743,1.85123,41.3515,275,268,2018,222,2018-08-10,85,Envero / maduración,CC BY-NC 4.0,26.097,31.22266666666667,21.625,47.81,24.661666666666665,64.30133333333333,482.91,30.0
31743,1.85123,41.3515,275,268,2018,327,2018-11-23,91,Cosecha / post-cosecha,CC BY-NC 4.0,12.159666666666665,16.231666666666666,8.724333333333332,168.07,7.642666666666666,81.972,70.99999999999999,30.0
31743,1.85123,41.3515,275,268,2018,350,2018-12-16,95,Senescencia / caída de hojas,CC BY-NC 4.0,9.929666666666666,14.770333333333332,6.553666666666668,36.78999999999999,6.387333333333333,80.836,17.66,30.0
31743,1.85123,41.3515,275,268,2019,110,2019-04-20,11,Brotación / desarrollo foliar,CC BY-NC 4.0,12.042,17.618,7.095666666666667,30.92,18.78533333333333,66.75733333333334,62.98,30.0
31743,1.85123,41.3515,275,268,2019,245,2019-09-02,85,Envero / maduración,CC BY-NC 4.0,25.218333333333327,30.422,20.97133333333333,64.4,21.732000000000006,65.123,456.55,30.0
31743,1.85123,41.3515,275,268,2019,337,2019-12-03,91,Cosecha / post-cosecha,CC BY-NC 4.0,9.805333333333332,15.079,5.938,41.760000000000005,8.376666666666667,76.146,22.130000000000003,30.0
31743,1.85123,41.3515,275,268,2019,349,2019-12-15,95,Senescencia / caída de hojas,CC BY-NC 4.0,9.755,14.826999999999998,6.0843333333333325,83.28,7.110666666666664,78.44700000000002,18.89,30.0
31743,1.85123,41.3515,275,268,2020,75,2020-03-15,11,Brotación / desarrollo foliar,CC BY-NC 4.0,11.430333333333332,17.093,6.980666666666667,14.06,14.167333333333335,74.04366666666668,46.120000000000005,30.0
31743,1.85123,41.3515,275,268,2020,220,2020-08-07,85,Envero / maduración,CC BY-NC 4.0,24.97733333333333,30.00733333333333,20.768666666666668,43.41,26.524333333333328,67.50566666666666,449.32,30.0
31743,1.85123,41.3515,275,268,2020,328,2020-11-23,91,Cosecha / post-cosecha,CC BY-NC 4.0,13.503000000000002,18.328333333333337,9.93266666666667,39.69,9.310000000000002,77.60200000000002,107.62999999999998,30.0
31743,1.85123,41.3515,275,268,2021,93,2021-04-03,11,Brotación / desarrollo foliar,CC BY-NC 4.0,11.28233333333333,16.72066666666667,6.853666666666667,12.99,17.625,72.09966666666666,47.86,30.0
31743,1.85123,41.3515,275,268,2021,230,2021-08-18,85,Envero / maduración,CC BY-NC 4.0,25.090333333333334,30.465333333333334,20.610333333333333,14.299999999999995,23.545,63.879666666666665,452.71,30.0
31743,1.85123,41.3515,275,268,2021,346,2021-12-12,91,Cosecha / post-cosecha,CC BY-NC 4.0,8.983,13.922333333333334,5.464666666666667,99.07,7.347666666666666,76.59533333333334,16.67,30.0
31743,1.85123,41.3515,275,268,2021,354,2021-12-20,95,Senescencia / caída de hojas,CC BY-NC 4.0,8.274666666666667,13.367,4.908,75.73,7.1593333333333335,77.24600000000002,4.41,30.0
31744,1.89383,41.5565,193,182,2013,226,2013-08-14,85,Envero / maduración,CC BY-NC 4.0,25.594,30.895666666666667,20.95266666666667,19.01,25.273333333333333,61.07166666666665,467.82,30.0
31744,1.89383,41.5565,193,182,2013,247,2013-09-04,91,Cosecha / post-cosecha,CC BY-NC 4.0,23.655,28.717666666666663,19.4,24.48,21.92633333333333,65.72233333333334,409.65,30.0
31744,1.89383,41.5565,193,182,2013,268,2013-09-25,95,Senescencia / caída de hojas,CC BY-NC 4.0,21.281,26.259333333333338,17.294333333333338,30.1,19.038666666666664,69.39433333333334,338.42999999999995,30.0
31744,1.89383,41.5565,193,182,2014,78,2014-03-19,11,Brotación / desarrollo foliar,CC BY-NC 4.0,10.435,16.725666666666665,5.601,2.73,14.932,63.98066666666667,31.03,30.0
31744,1.89383,41.5565,193,182,2014,204,2014-07-23,91,Cosecha / post-cosecha,CC BY-NC 4.0,22.961,28.531333333333333,17.84666666666667,36.33,25.287333333333336,63.04333333333334,388.83,30.0
31744,1.89383,41.5565,193,182,2014,232,2014-08-20,85,Envero / maduración,CC BY-NC 4.0,24.053999999999995,29.418000000000003,19.54833333333333,17.01,23.15566666666666,64.94533333333334,421.62,30.0
31744,1.89383,41.5565,193,182,2014,267,2014-09-24,95,Senescencia / caída de hojas,CC BY-NC 4.0,23.059000000000005,27.867333333333328,19.384333333333338,42.73,17.517,72.764,391.7699999999999,30.0
31744,1.89383,41.5565,193,182,2015,84,2015-03-25,11,Brotación / desarrollo foliar,CC BY-NC 4.0,10.160666666666666,15.304333333333336,6.221999999999999,63.29,14.238333333333337,71.75099999999998,27.72,30.0
31744,1.89383,41.5565,193,182,2015,231,2015-08-19,85,Envero / maduración,CC BY-NC 4.0,25.039,30.200666666666667,20.59166666666665,53.21,22.331666666666667,65.54366666666667,451.17,30.0
31744,1.89383,41.5565,193,182,2015,252,2015-09-09,91,Cosecha / post-cosecha,CC BY-NC 4.0,22.81066666666667,27.65,18.92933333333333,50.08,20.10066666666667,68.26466666666667,384.32,30.0
31744,1.89383,41.5565,193,182,2015,280,2015-10-07,95,Senescencia / caída de hojas,CC BY-NC 4.0,19.42,24.29,15.779666666666664,69.94999999999999,15.466666666666669,71.64166666666667,282.5999999999999,30.0
31744,1.89383,41.5565,193,182,2016,76,2016-03-16,11,Brotación / desarrollo foliar,CC BY-NC 4.0,8.262666666666666,14.268000000000002,3.376666666666666,46.33,13.756,65.36933333333334,5.57,30.0
31744,1.89383,41.5565,193,182,2016,237,2016-08-24,85,Envero / maduración,CC BY-NC 4.0,24.961,30.873,20.12366666666667,8.17,25.18933333333333,61.54933333333334,448.83,30.0
31744,1.89383,41.5565,193,182,2017,88,2017-03-29,11,Brotación / desarrollo foliar,CC BY-NC 4.0,12.260666666666667,18.327666666666666,7.513666666666667,72.69,16.265333333333334,68.75266666666667,74.97,30.0
31744,1.89383,41.5565,193,182,2017,221,2017-08-09,85,Envero / maduración,CC BY-NC 4.0,25.866,31.298666666666666,21.17666666666667,24.51,24.562,63.07033333333332,475.9800000000001,30.0
31744,1.89383,41.5565,193,182,2017,249,2017-09-06,91,Cosecha / post-cosecha,CC BY-NC 4.0,24.03333333333333,29.359000000000005,19.664,30.450000000000003,21.468666666666667,64.87833333333334,421.00000000000006,30.0
31744,1.89383,41.5565,193,182,2017,270,2017-09-27,95,Senescencia / caída de hojas,CC BY-NC 4.0,20.36933333333333,25.218000000000004,16.545666666666666,58.32,17.08533333333333,70.078,311.08,30.0
31744,1.89383,41.5565,193,182,2018,87,2018-03-28,11,Brotación / desarrollo foliar,CC BY-NC 4.0,9.124,14.618999999999998,4.465999999999999,84.24999999999999,14.177666666666664,72.50399999999999,20.62,30.0
31744,1.89383,41.5565,193,182,2018,233,2018-08-21,85,Envero / maduración,CC BY-NC 4.0,25.875,30.79366666666667,21.503000000000004,62.7,23.51366666666667,66.40533333333333,476.25,30.0
31744,1.89383,41.5565,193,182,2018,269,2018-09-26,91,Cosecha / post-cosecha,CC BY-NC 4.0,22.637,27.039666666666665,19.21666666666666,64.38000000000001,17.445333333333334,74.91966666666667,379.11,30.0
31744,1.89383,41.5565,193,182,2018,297,2018-10-24,95,Senescencia / caída de hojas,CC BY-NC 4.0,18.30966666666667,23.326,14.372333333333334,107.91,13.689333333333332,73.67433333333334,249.29,30.0
31744,1.89383,41.5565,193,182,2019,65,2019-03-06,11,Brotación / desarrollo foliar,CC BY-NC 4.0,10.396333333333333,16.49833333333333,6.085333333333335,2.6500000000000004,13.701666666666672,71.93433333333334,26.22,30.0
31744,1.89383,41.5565,193,182,2019,233,2019-08-21,85,Envero / maduración,CC BY-NC 4.0,25.526333333333334,30.981,20.94066666666667,59.99,24.114666666666665,63.26566666666667,465.79,30.0
31744,1.89383,41.5565,193,182,2019,268,2019-09-25,91,Cosecha / post-cosecha,CC BY-NC 4.0,22.09800000000001,26.947,18.14633333333333,131.40999999999997,17.748333333333335,68.18866666666666,362.94000000000005,30.0
31744,1.89383,41.5565,193,182,2019,282,2019-10-09,95,Senescencia / caída de hojas,CC BY-NC 4.0,20.75833333333333,26.127,16.75433333333333,38.08,15.807999999999998,70.291,322.74999999999994,30.0
31744,1.89383,41.5565,193,182,2020,50,2020-02-19,11,Brotación / desarrollo foliar,CC BY-NC 4.0,10.648666666666667,15.538333333333336,7.0906666666666665,102.92,9.358666666666666,81.88033333333333,29.83,30.0
31744,1.89383,41.5565,193,182,2020,232,2020-08-19,85,Envero / maduración,CC BY-NC 4.0,25.796000000000003,30.986,21.46233333333333,15.89,24.505,66.18133333333334,473.88000000000005,30.0
31744,1.89383,41.5565,193,182,2020,302,2020-10-28,95,Senescencia / caída de hojas,CC BY-NC 4.0,15.194666666666668,20.32633333333333,10.829333333333334,62.91,13.01933333333333,73.78166666666667,155.83999999999995,30.0
31744,1.89383,41.5565,193,182,2021,76,2021-03-17,11,Brotación / desarrollo foliar,CC BY-NC 4.0,10.642333333333331,15.242666666666668,7.003000000000001,22.090000000000003,12.162666666666668,80.797,22.02,30.0
31744,1.89383,41.5565,193,182,2021,230,2021-08-18,85,Envero / maduración,CC BY-NC 4.0,25.090333333333334,30.465333333333334,20.610333333333333,14.299999999999995,23.545,63.879666666666665,452.71,30.0
31744,1.89383,41.5565,193,182,2021,265,2021-09-22,91,Cosecha / post-cosecha,CC BY-NC 4.0,22.653,27.372666666666667,18.988333333333333,57.88,16.855,72.536,379.5899999999999,30.0
31744,1.89383,41.5565,193,182,2021,300,2021-10-27,95,Senescencia / caída de hojas,CC BY-NC 4.0,17.615666666666662,22.344999999999995,14.119000000000002,28.37,13.276666666666667,73.60366666666667,228.47,30.0
31745,2.09913,41.9786,554,547,2013,119,2013-04-29,11,Brotación / desarrollo foliar,CC BY-NC 4.0,10.167000000000003,16.591333333333335,4.084999999999999,65.03999999999999,18.02800000000001,66.008,42.95,30.0
31745,2.09913,41.9786,554,547,2013,240,2013-08-28,85,Envero / maduración,CC BY-NC 4.0,22.148666666666667,28.969,16.032333333333334,20.32,22.41133333333333,58.25566666666667,364.46,30.0
31745,2.09913,41.9786,554,547,2013,244,2013-09-01,91,Cosecha / post-cosecha,CC BY-NC 4.0,21.591,28.36666666666667,15.556333333333336,23.09,21.39133333333333,58.759000000000015,347.73,30.0
31745,2.09913,41.9786,554,547,2013,247,2013-09-04,95,Senescencia / caída de hojas,CC BY-NC 4.0,21.138,28.066333333333333,15.079,23.03,21.19266666666666,58.52266666666666,334.14,30.0
31745,2.09913,41.9786,554,547,2014,109,2014-04-19,11,Brotación / desarrollo foliar,CC BY-NC 4.0,11.349333333333334,18.44333333333333,5.1436666666666655,31.63,17.959333333333337,62.65533333333333,74.1,30.0
31745,2.09913,41.9786,554,547,2014,222,2014-08-10,91,Cosecha / post-cosecha,CC BY-NC 4.0,22.298,29.162666666666663,15.682999999999998,23.800000000000008,23.762666666666664,55.59833333333333,368.94,30.0
31745,2.09913,41.9786,554,547,2014,228,2014-08-16,95,Senescencia / caída de hojas,CC BY-NC 4.0,21.94533333333333,28.63233333333334,15.609333333333332,24.000000000000004,22.886666666666667,57.21966666666667,358.36,30.0
31745,2.09913,41.9786,554,547,2015,118,2015-04-28,11,Brotación / desarrollo foliar,CC BY-NC 4.0,11.796333333333331,19.01233333333333,5.617666666666668,28.59,20.518000000000008,61.93299999999999,62.46,30.0
31745,2.09913,41.9786,554,547,2015,216,2015-08-04,91,Cosecha / post-cosecha,CC BY-NC 4.0,25.039666666666665,31.957000000000004,18.639000000000003,27.57,24.712,53.299,451.19000000000005,30.0
31745,2.09913,41.9786,554,547,2015,244,2015-09-01,95,Senescencia / caída de hojas,CC BY-NC 4.0,21.88366666666668,28.522,16.041666666666664,50.45,21.654666666666667,61.598,356.51,30.0
31745,2.09913,41.9786,554,547,2016,119,2016-04-28,11,Brotación / desarrollo foliar,CC BY-NC 4.0,10.299666666666663,16.775,4.738666666666665,62.760000000000005,19.071000000000005,66.16333333333333,26.21999999999999,30.0
31745,2.09913,41.9786,554,547,2016,245,2016-09-01,85,Envero / maduración,CC BY-NC 4.0,22.723333333333336,30.394666666666662,16.074666666666666,14.72,23.108666666666668,51.45399999999999,381.7000000000001,30.0
31745,2.09913,41.9786,554,547,2016,260,2016-09-16,91,Cosecha / post-cosecha,CC BY-NC 4.0,22.17933333333333,29.31266666666667,16.214,22.05,20.508666666666667,54.97666666666667,365.38,30.0
31745,2.09913,41.9786,554,547,2016,272,2016-09-28,95,Senescencia / caída de hojas,CC BY-NC 4.0,19.349,26.091,13.746666666666668,34.23,17.35,60.38600000000001,280.47,30.0
31745,2.09913,41.9786,554,547,2017,106,2017-04-16,11,Brotación / desarrollo foliar,CC BY-NC 4.0,11.199000000000002,18.19933333333333,5.1066666666666665,59.75,19.69033333333333,63.70366666666666,59.49,30.0
31745,2.09913,41.9786,554,547,2017,216,2017-08-04,91,Cosecha / post-cosecha,CC BY-NC 4.0,23.95266666666667,31.009,17.21033333333333,37.07999999999999,24.421,53.35633333333333,418.58,30.0
31745,2.09913,41.9786,554,547,2017,231,2017-08-19,95,Senescencia / caída de hojas,CC BY-NC 4.0,23.106666666666666,30.04966666666667,16.706333333333333,35.25000000000001,23.124666666666663,55.76966666666667,393.2,30.0
31745,2.09913,41.9786,554,547,2018,130,2018-05-10,11,Brotación / desarrollo foliar,CC BY-NC 4.0,12.650333333333334,18.611,7.170333333333334,105.89,19.190999999999995,69.536,98.74,30.0
31745,2.09913,41.9786,554,547,2018,240,2018-08-28,85,Envero / maduración,CC BY-NC 4.0,22.354333333333333,28.302000000000003,16.892999999999997,78.69,21.784666666666663,66.83200000000001,370.63,30.0
31745,2.09913,41.9786,554,547,2018,247,2018-09-04,91,Cosecha / post-cosecha,CC BY-NC 4.0,21.059,26.811333333333334,15.984666666666666,99.39,19.85333333333333,70.92133333333332,331.7699999999999,30.0
31745,2.09913,41.9786,554,547,2018,259,2018-09-16,95,Senescencia / caída de hojas,CC BY-NC 4.0,20.160000000000004,26.008666666666663,15.229333333333331,55.35999999999999,17.91266666666667,70.58833333333334,304.8,30.0
31745,2.09913,41.9786,554,547,2019,136,2019-05-16,11,Brotación / desarrollo foliar,CC BY-NC 4.0,11.806333333333331,18.329,5.448666666666666,60.55,20.49233333333333,65.14666666666666,60.86000000000001,30.0
31745,2.09913,41.9786,554,547,2019,240,2019-08-28,85,Envero / maduración,CC BY-NC 4.0,22.56666666666667,28.9,16.970666666666666,45.76,22.55233333333333,61.048,377.0,30.0
31745,2.09913,41.9786,554,547,2019,289,2019-10-16,91,Cosecha / post-cosecha,CC BY-NC 4.0,17.016333333333332,23.561,11.939333333333334,22.01,14.833,69.75466666666665,210.49,30.0
31745,2.09913,41.9786,554,547,2019,314,2019-11-10,95,Senescencia / caída de hojas,CC BY-NC 4.0,11.713,17.598333333333336,7.101,96.0,10.393666666666668,76.94666666666667,76.88999999999999,30.0
31745,2.09913,41.9786,554,547,2020,116,2020-04-25,11,Brotación / desarrollo foliar,CC BY-NC 4.0,10.086333333333334,15.455666666666666,5.342666666666667,144.83,16.183,76.088,33.94,30.0
31745,2.09913,41.9786,554,547,2020,257,2020-09-13,95,Senescencia / caída de hojas,CC BY-NC 4.0,20.07633333333333,26.32933333333333,14.477666666666664,96.34,19.982000000000006,67.35400000000001,302.29,30.0
31745,2.09913,41.9786,554,547,2021,127,2021-05-07,11,Brotación / desarrollo foliar,CC BY-NC 4.0,9.901000000000002,15.591666666666669,4.816333333333334,75.11,17.587666666666667,72.81033333333335,28.170000000000005,30.0
31745,2.09913,41.9786,554,547,2021,289,2021-10-16,91,Cosecha / post-cosecha,CC BY-NC 4.0,15.485333333333331,22.158666666666665,10.265666666666664,55.89999999999999,13.62233333333333,69.68499999999999,164.55999999999997,30.0
31745,2.09913,41.9786,554,547,2021,298,2021-10-25,95,Senescencia / caída de hojas,CC BY-NC 4.0,14.257666666666667,21.043333333333337,9.016333333333334,33.17,12.855,71.80333333333334,127.73,30.0
31753,2.10276,42.3168,1148,1130,2013,107,2013-04-17,11,Brotación / desarrollo foliar,CC BY-NC 4.0,2.4516666666666667,7.588666666666667,-2.094666666666666,62.47,15.233,82.28266666666666,0.4299999999999997,30.0
31753,2.10276,42.3168,1148,1130,2014,246,2014-09-03,85,Envero / maduración,CC BY-NC 4.0,14.022333333333332,20.91033333333333,7.751333333333334,41.54999999999999,18.62033333333333,69.48366666666666,120.67,30.0
31753,2.10276,42.3168,1148,1130,2014,276,2014-10-03,91,Cosecha / post-cosecha,CC BY-NC 4.0,12.084666666666664,18.398333333333333,6.777666666666665,34.760000000000005,15.093333333333332,72.47,68.67999999999998,30.0
31753,2.10276,42.3168,1148,1130,2014,285,2014-10-12,95,Senescencia / caída de hojas,CC BY-NC 4.0,10.788666666666666,16.817666666666664,6.018000000000001,39.98999999999999,13.914333333333332,76.28766666666667,32.25,30.0
31753,2.10276,42.3168,1148,1130,2015,105,2015-04-15,11,Brotación / desarrollo foliar,CC BY-NC 4.0,1.976,7.008333333333332,-2.620333333333333,49.54,17.590666666666667,80.84166666666667,0.0,30.0
31753,2.10276,42.3168,1148,1130,2015,215,2015-08-03,85,Envero / maduración,CC BY-NC 4.0,17.861666666666668,25.31666666666667,10.468333333333335,49.34,23.695666666666668,60.65833333333333,235.85,30.0
31753,2.10276,42.3168,1148,1130,2015,267,2015-09-24,91,Cosecha / post-cosecha,CC BY-NC 4.0,11.44,18.150666666666663,5.957333333333335,58.53999999999999,16.717333333333332,70.748,59.41,30.0
31753,2.10276,42.3168,1148,1130,2015,293,2015-10-20,95,Senescencia / caída de hojas,CC BY-NC 4.0,7.201000000000001,13.340333333333332,2.2663333333333338,55.52,12.714,77.41066666666667,2.3500000000000014,30.0
31753,2.10276,42.3168,1148,1130,2016,124,2016-05-03,11,Brotación / desarrollo foliar,CC BY-NC 4.0,2.611,7.667666666666666,-2.0466666666666664,79.13,18.851333333333333,82.51766666666667,0.0,30.0
31753,2.10276,42.3168,1148,1130,2016,245,2016-09-01,85,Envero / maduración,CC BY-NC 4.0,15.639333333333331,23.489333333333327,8.701666666666666,24.620000000000005,22.24166666666667,60.688,171.31000000000003,30.0
31753,2.10276,42.3168,1148,1130,2016,290,2016-10-16,91,Cosecha / post-cosecha,CC BY-NC 4.0,8.314666666666666,14.631333333333332,3.477333333333333,70.76000000000002,13.184333333333337,77.393,8.85,30.0
31753,2.10276,42.3168,1148,1130,2017,102,2017-04-12,11,Brotación / desarrollo foliar,CC BY-NC 4.0,3.697666666666666,9.402666666666669,-1.395333333333333,65.60999999999999,17.932666666666663,76.88066666666667,0.0,30.0
31753,2.10276,42.3168,1148,1130,2017,207,2017-07-26,85,Envero / maduración,CC BY-NC 4.0,14.642666666666663,21.565999999999995,8.191666666666668,66.25999999999999,23.009000000000004,66.77266666666667,147.73000000000002,30.0
31753,2.10276,42.3168,1148,1130,2017,279,2017-10-06,91,Cosecha / post-cosecha,CC BY-NC 4.0,9.226333333333336,16.061666666666664,3.936,70.86999999999999,14.243,75.16833333333334,19.82,30.0
31753,2.10276,42.3168,1148,1130,2017,291,2017-10-18,95,Senescencia / caída de hojas,CC BY-NC 4.0,9.851666666666668,17.203,4.166,66.91,14.373333333333331,70.74533333333332,22.070000000000007,30.0
31753,2.10276,42.3168,1148,1130,2018,123,2018-05-03,11,Brotación / desarrollo foliar,CC BY-NC 4.0,4.631333333333332,9.639333333333331,0.2033333333333334,135.79,17.479,82.70900000000002,2.52,30.0
31753,2.10276,42.3168,1148,1130,2018,246,2018-09-03,85,Envero / maduración,CC BY-NC 4.0,13.972,19.62066666666667,8.689333333333334,85.71,19.905,77.92066666666666,119.18,30.0
31753,2.10276,42.3168,1148,1130,2018,268,2018-09-25,91,Cosecha / post-cosecha,CC BY-NC 4.0,12.973333333333333,18.99533333333334,7.9316666666666675,65.47000000000001,17.206999999999997,78.36200000000001,90.92,30.0
31753,2.10276,42.3168,1148,1130,2018,280,2018-10-07,95,Senescencia / caída de hojas,CC BY-NC 4.0,11.050999999999997,17.305333333333333,5.746666666666665,33.13,16.268666666666665,78.15533333333333,55.43000000000001,30.0
31753,2.10276,42.3168,1148,1130,2019,130,2019-05-10,11,Brotación / desarrollo foliar,CC BY-NC 4.0,3.964,9.372666666666666,-1.0416666666666667,73.95999999999998,17.976666666666667,79.85666666666665,0.0,30.0
31753,2.10276,42.3168,1148,1130,2019,218,2019-08-06,85,Envero / maduración,CC BY-NC 4.0,16.68166666666667,23.653,9.809333333333331,65.67,23.30733333333333,62.66466666666666,200.45,30.0
31753,2.10276,42.3168,1148,1130,2019,293,2019-10-20,91,Cosecha / post-cosecha,CC BY-NC 4.0,10.197666666666668,17.061333333333334,4.662333333333334,30.33,13.149333333333336,74.66966666666667,34.01,30.0
31753,2.10276,42.3168,1148,1130,2019,312,2019-11-08,95,Senescencia / caída de hojas,CC BY-NC 4.0,6.537666666666667,11.633,2.050333333333333,129.71,9.564333333333332,84.10566666666666,4.390000000000001,30.0
31753,2.10276,42.3168,1148,1130,2020,103,2020-04-12,11,Brotación / desarrollo foliar,CC BY-NC 4.0,2.747666666666667,7.927666666666668,-1.4620000000000002,43.32,14.736666666666668,83.08566666666667,0.0,30.0
31753,2.10276,42.3168,1148,1130,2020,235,2020-08-22,85,Envero / maduración,CC BY-NC 4.0,16.970333333333336,23.45833333333333,10.632333333333332,23.800000000000004,22.574666666666666,64.52000000000001,209.11,30.0
31753,2.10276,42.3168,1148,1130,2020,275,2020-10-01,91,Cosecha / post-cosecha,CC BY-NC 4.0,10.257333333333335,16.059,5.214333333333332,77.58999999999999,15.815666666666669,76.73666666666666,50.39,30.0
31753,2.10276,42.3168,1148,1130,2020,293,2020-10-19,95,Senescencia / caída de hojas,CC BY-NC 4.0,4.969666666666667,9.812,0.7680000000000002,126.39,12.254666666666669,85.49499999999999,2.2399999999999984,30.0
31753,2.10276,42.3168,1148,1130,2021,107,2021-04-17,11,Brotación / desarrollo foliar,CC BY-NC 4.0,1.7583333333333333,7.872666666666666,-3.494,16.63,18.53933333333333,77.859,0.0,30.0
31759,0.875564,41.1788,434,421,2013,103,2013-04-13,11,Brotación / desarrollo foliar,CC BY-NC 4.0,12.019999999999998,17.841,6.885666666666668,19.3,18.49633333333333,68.854,70.91000000000001,30.0
31759,0.875564,41.1788,434,421,2013,215,2013-08-03,85,Envero / maduración,CC BY-NC 4.0,25.91333333333333,31.804666666666662,20.67233333333333,18.24,26.50266666666668,61.31833333333332,477.4,30.0
31759,0.875564,41.1788,434,421,2013,273,2013-09-30,91,Cosecha / post-cosecha,CC BY-NC 4.0,21.494333333333334,27.797,16.289,16.52,18.970333333333333,65.69866666666667,344.83,30.0
31759,0.875564,41.1788,434,421,2013,307,2013-11-03,95,Senescencia / caída de hojas,CC BY-NC 4.0,17.903333333333332,24.04533333333334,13.299333333333337,7.93,13.145666666666669,67.95733333333332,237.1,30.0
31759,0.875564,41.1788,434,421,2014,83,2014-03-24,11,Brotación / desarrollo foliar,CC BY-NC 4.0,10.907333333333334,17.254,5.884666666666667,4.640000000000001,15.928000000000004,68.41533333333334,38.76,30.0
31759,0.875564,41.1788,434,421,2014,208,2014-07-27,85,Envero / maduración,CC BY-NC 4.0,23.82233333333333,30.207,17.958333333333332,19.85,26.655,58.278000000000006,414.6700000000001,30.0
31759,0.875564,41.1788,434,421,2014,305,2014-11-01,95,Senescencia / caída de hojas,CC BY-NC 4.0,18.98433333333333,25.08233333333333,14.682666666666668,17.58,12.777333333333331,71.62299999999999,269.53,30.0
31759,0.875564,41.1788,434,421,2015,89,2015-03-30,11,Brotación / desarrollo foliar,CC BY-NC 4.0,11.347666666666669,16.972,6.7156666666666665,61.27,15.519000000000002,71.50033333333334,53.900000000000006,30.0
31759,0.875564,41.1788,434,421,2015,202,2015-07-21,85,Envero / maduración,CC BY-NC 4.0,26.87066666666667,33.69766666666666,20.824666666666666,5.78,27.11,58.206,506.12,30.0
31759,0.875564,41.1788,434,421,2015,305,2015-11-01,95,Senescencia / caída de hojas,CC BY-NC 4.0,16.50166666666667,21.809,12.418666666666669,17.029999999999998,11.846666666666664,74.127,195.04999999999995,30.0
31759,0.875564,41.1788,434,421,2016,87,2016-03-27,11,Brotación / desarrollo foliar,CC BY-NC 4.0,9.622000000000003,15.234333333333332,5.206333333333334,52.66,15.329,68.44433333333335,21.11,30.0
31759,0.875564,41.1788,434,421,2016,203,2016-07-21,85,Envero / maduración,CC BY-NC 4.0,25.004,31.65133333333333,19.138,2.94,27.78633333333333,55.929,450.12,30.0
31759,0.875564,41.1788,434,421,2016,306,2016-11-01,95,Senescencia / caída de hojas,CC BY-NC 4.0,17.584333333333333,22.997333333333337,13.589333333333334,43.5,11.021000000000004,75.46333333333332,227.53,30.0
31759,0.875564,41.1788,434,421,2017,83,2017-03-24,11,Brotación / desarrollo foliar,CC BY-NC 4.0,12.226999999999997,18.93933333333333,7.106333333333334,51.13,16.041,68.87166666666668,71.49000000000001,30.0
31759,0.875564,41.1788,434,421,2017,196,2017-07-15,85,Envero / maduración,CC BY-NC 4.0,25.473666666666663,31.864333333333327,19.510666666666665,12.8,27.356666666666666,57.691,464.21,30.0
31759,0.875564,41.1788,434,421,2017,305,2017-11-01,95,Senescencia / caída de hojas,CC BY-NC 4.0,17.996000000000002,24.27133333333333,13.408,33.74,13.956333333333331,71.69766666666666,239.88,30.0
31759,0.875564,41.1788,434,421,2018,86,2018-03-27,11,Brotación / desarrollo foliar,CC BY-NC 4.0,9.897333333333334,15.521666666666668,5.4270000000000005,51.84,13.863333333333337,68.78099999999999,26.77,30.0
31759,0.875564,41.1788,434,421,2018,202,2018-07-21,85,Envero / maduración,CC BY-NC 4.0,25.674,31.88566666666667,20.25166666666667,19.94,27.476666666666667,60.61066666666667,470.22,30.0
31759,0.875564,41.1788,434,421,2018,313,2018-11-09,95,Senescencia / caída de hojas,CC BY-NC 4.0,14.548666666666666,19.557,10.484,187.88,10.117333333333336,77.33733333333333,140.12999999999997,30.0
31759,0.875564,41.1788,434,421,2019,83,2019-03-24,11,Brotación / desarrollo foliar,CC BY-NC 4.0,11.984666666666667,19.00333333333333,6.467,1.27,17.600666666666665,64.54466666666666,59.59,30.0
31759,0.875564,41.1788,434,421,2019,208,2019-07-27,85,Envero / maduración,CC BY-NC 4.0,26.948333333333338,33.635666666666665,20.95833333333333,20.56,26.25633333333333,54.379,508.45,30.0
31759,0.875564,41.1788,434,421,2019,322,2019-11-18,95,Senescencia / caída de hojas,CC BY-NC 4.0,13.253999999999998,18.008333333333333,9.434666666666669,96.36,9.251666666666663,73.38866666666668,109.59,30.0
31759,0.875564,41.1788,434,421,2020,78,2020-03-18,11,Brotación / desarrollo foliar,CC BY-NC 4.0,11.965333333333335,18.250333333333334,7.011333333333334,26.67,13.993999999999998,70.63799999999999,62.64999999999999,30.0
31759,0.875564,41.1788,434,421,2020,203,2020-07-21,85,Envero / maduración,CC BY-NC 4.0,24.52666666666666,30.891,18.89833333333333,24.5,27.988666666666667,64.444,435.80000000000007,30.0
31759,0.875564,41.1788,434,421,2020,323,2020-11-18,95,Senescencia / caída de hojas,CC BY-NC 4.0,14.903,20.24833333333333,10.767666666666669,91.65,9.066666666666665,75.96466666666666,147.09,30.0
31759,0.875564,41.1788,434,421,2021,80,2021-03-21,11,Brotación / desarrollo foliar,CC BY-NC 4.0,10.819999999999997,16.020666666666667,6.785,16.759999999999998,13.443666666666669,76.15833333333333,32.29,30.0
31759,0.875564,41.1788,434,421,2021,205,2021-07-24,85,Envero / maduración,CC BY-NC 4.0,24.941,31.68133333333333,19.029333333333334,9.0,27.72133333333333,58.73199999999999,448.23,30.0
31759,0.875564,41.1788,434,421,2021,325,2021-11-21,95,Senescencia / caída de hojas,CC BY-NC 4.0,12.794666666666668,18.56,8.582,29.820000000000004,10.202333333333334,73.36566666666667,85.66999999999999,30.0
31762,2.02662,42.0073,697,689,2021,258,2021-09-15,91,Cosecha / post-cosecha,CC BY-NC 4.0,20.639333333333333,26.87633333333333,15.431333333333331,38.41,17.776999999999997,69.638,319.18000000000006,30.0
31762,2.02662,42.0073,697,689,2021,286,2021-10-13,95,Senescencia / caída de hojas,CC BY-NC 4.0,16.124666666666666,22.636,10.950666666666663,66.78999999999999,13.465333333333335,69.92433333333334,183.74,30.0
31776,2.05632,41.3773,45,37,2014,79,2014-03-20,11,Brotación / desarrollo foliar,CC BY-NC 4.0,10.538333333333334,16.863999999999997,5.666,2.73,14.90633333333333,64.09533333333334,33.88999999999999,30.0
31776,2.05632,41.3773,45,37,2014,190,2014-07-09,85,Envero / maduración,CC BY-NC 4.0,22.547333333333327,27.767333333333337,17.608999999999998,44.680000000000014,23.622333333333334,61.78099999999999,376.42,30.0
31776,2.05632,41.3773,45,37,2014,296,2014-10-23,91,Cosecha / post-cosecha,CC BY-NC 4.0,19.46266666666667,24.642666666666667,15.527,65.45000000000002,13.618,72.20433333333332,283.88,30.0
31776,2.05632,41.3773,45,37,2014,313,2014-11-09,95,Senescencia / caída de hojas,CC BY-NC 4.0,17.059666666666665,22.44433333333333,13.100333333333332,14.779999999999998,11.066,70.67699999999999,211.79,30.0
31776,2.05632,41.3773,45,37,2015,99,2015-04-09,11,Brotación / desarrollo foliar,CC BY-NC 4.0,11.455333333333334,17.011000000000003,6.930000000000001,49.99,16.34466666666667,70.92999999999999,54.35,30.0
31776,2.05632,41.3773,45,37,2015,197,2015-07-16,85,Envero / maduración,CC BY-NC 4.0,25.59533333333333,31.30666666666666,20.57133333333333,2.0500000000000003,27.915000000000003,57.08566666666666,467.8599999999999,30.0
31776,2.05632,41.3773,45,37,2015,290,2015-10-17,91,Cosecha / post-cosecha,CC BY-NC 4.0,17.843333333333337,22.59433333333333,14.328333333333331,65.65000000000002,13.440666666666669,73.71766666666667,235.3,30.0
31776,2.05632,41.3773,45,37,2015,324,2015-11-20,95,Senescencia / caída de hojas,CC BY-NC 4.0,15.194333333333333,20.441,11.569666666666668,39.05,9.948333333333334,74.35333333333332,155.82999999999998,30.0
31776,2.05632,41.3773,45,37,2016,82,2016-03-22,11,Brotación / desarrollo foliar,CC BY-NC 4.0,8.885666666666667,14.470666666666666,4.306333333333334,60.28,13.589000000000002,69.21666666666667,8.850000000000001,30.0
31776,2.05632,41.3773,45,37,2016,225,2016-08-12,85,Envero / maduración,CC BY-NC 4.0,24.826666666666664,30.742666666666665,19.73966666666667,17.240000000000006,25.53433333333333,59.56033333333334,444.80000000000007,30.0
31776,2.05632,41.3773,45,37,2016,337,2016-12-02,91,Cosecha / post-cosecha,CC BY-NC 4.0,11.291666666666664,16.019000000000002,7.668000000000001,67.69000000000001,7.894999999999999,77.72800000000001,50.52000000000001,30.0
31776,2.05632,41.3773,45,37,2016,344,2016-12-09,95,Senescencia / caída de hojas,CC BY-NC 4.0,10.909666666666668,15.58833333333333,7.432666666666665,66.93,7.535333333333333,80.01566666666666,38.18000000000001,30.0
31776,2.05632,41.3773,45,37,2017,71,2017-03-12,11,Brotación / desarrollo foliar,CC BY-NC 4.0,11.355,16.847333333333335,7.079666666666667,36.7,12.351,73.83266666666667,48.19,30.0
31776,2.05632,41.3773,45,37,2017,189,2017-07-08,85,Envero / maduración,CC BY-NC 4.0,24.927333333333333,30.51,19.696,15.829999999999998,27.492,55.39366666666668,447.82,30.0
31776,2.05632,41.3773,45,37,2017,282,2017-10-09,91,Cosecha / post-cosecha,CC BY-NC 4.0,19.26333333333333,24.386000000000006,15.335666666666665,39.2,14.708333333333334,72.30133333333335,277.9,30.0
31776,2.05632,41.3773,45,37,2017,295,2017-10-22,95,Senescencia / caída de hojas,CC BY-NC 4.0,19.162333333333336,23.98133333333333,15.819666666666668,73.92,13.075666666666669,76.884,274.87,30.0
31776,2.05632,41.3773,45,37,2018,91,2018-04-01,11,Brotación / desarrollo foliar,CC BY-NC 4.0,9.738666666666669,15.547,4.8693333333333335,59.85,15.89166666666667,70.44266666666665,23.72,30.0
31776,2.05632,41.3773,45,37,2018,199,2018-07-18,85,Envero / maduración,CC BY-NC 4.0,24.56600000000001,29.757,19.92866666666667,23.53,26.85466666666667,63.663,436.98,30.0
31776,2.05632,41.3773,45,37,2018,274,2018-10-01,91,Cosecha / post-cosecha,CC BY-NC 4.0,22.16233333333333,26.91533333333333,18.404333333333337,38.0,16.43333333333333,73.17133333333335,364.87,30.0
31776,2.05632,41.3773,45,37,2018,292,2018-10-19,95,Senescencia / caída de hojas,CC BY-NC 4.0,19.494666666666667,24.33133333333333,15.626333333333331,103.41,13.834666666666667,74.09866666666667,284.84,30.0
31776,2.05632,41.3773,45,37,2019,90,2019-03-31,11,Brotación / desarrollo foliar,CC BY-NC 4.0,11.662666666666665,18.107000000000003,6.608999999999999,4.98,17.81366666666667,67.30533333333332,51.150000000000006,30.0
31776,2.05632,41.3773,45,37,2019,205,2019-07-24,85,Envero / maduración,CC BY-NC 4.0,26.398000000000003,32.181,21.244333333333334,20.76,26.184,57.521999999999984,491.94,30.0
31776,2.05632,41.3773,45,37,2019,252,2019-09-09,91,Cosecha / post-cosecha,CC BY-NC 4.0,23.923666666666666,28.83933333333333,19.870999999999995,129.46,20.412333333333336,66.87166666666668,417.71,30.0
31776,2.05632,41.3773,45,37,2019,269,2019-09-26,95,Senescencia / caída de hojas,CC BY-NC 4.0,22.049000000000003,27.00633333333333,18.002000000000002,120.35,17.487666666666662,67.93633333333334,361.4700000000001,30.0
31776,2.05632,41.3773,45,37,2020,218,2020-08-05,85,Envero / maduración,CC BY-NC 4.0,24.80133333333333,29.779000000000003,20.60666666666667,43.56,24.90533333333333,67.63199999999999,444.04,30.0
31776,2.05632,41.3773,45,37,2020,274,2020-09-30,91,Cosecha / post-cosecha,CC BY-NC 4.0,20.904666666666667,26.04766666666667,16.676666666666666,73.23000000000002,16.74866666666667,68.487,327.14,30.0
31776,2.05632,41.3773,45,37,2020,299,2020-10-25,95,Senescencia / caída de hojas,CC BY-NC 4.0,15.474666666666668,20.657666666666668,10.988,62.540000000000006,12.792333333333335,72.56599999999999,164.23999999999998,30.0
31776,2.05632,41.3773,45,37,2021,85,2021-03-26,11,Brotación / desarrollo foliar,CC BY-NC 4.0,10.532333333333332,15.536666666666664,6.497,13.19,14.067,75.289,25.359999999999992,30.0
31776,2.05632,41.3773,45,37,2021,193,2021-07-12,85,Envero / maduración,CC BY-NC 4.0,23.225666666666665,28.553999999999995,18.70433333333333,27.81000000000001,24.961,67.37066666666666,396.77,30.0
31776,2.05632,41.3773,45,37,2021,267,2021-09-24,91,Cosecha / post-cosecha,CC BY-NC 4.0,22.49233333333333,27.294666666666668,18.786666666666665,54.58,16.173666666666666,72.49266666666666,374.77,30.0
31776,2.05632,41.3773,45,37,2021,292,2021-10-19,95,Senescencia / caída de hojas,CC BY-NC 4.0,18.88066666666667,23.637,15.360666666666669,42.05,13.171333333333331,72.35666666666667,266.42,30.0
31794,2.66456,41.8632,140,143,2014,85,2014-03-26,11,Brotación / desarrollo foliar,CC BY-NC 4.0,8.722,16.194666666666667,2.653,11.769999999999998,15.402000000000005,59.827333333333335,21.57,30.0
31794,2.66456,41.8632,140,143,2014,232,2014-08-20,85,Envero / maduración,CC BY-NC 4.0,21.791666666666664,28.000666666666664,16.037666666666667,35.51,22.231,65.77399999999999,353.75,30.0
31794,2.66456,41.8632,140,143,2014,257,2014-09-14,91,Cosecha / post-cosecha,CC BY-NC 4.0,21.01033333333333,27.18433333333333,15.856999999999998,55.21999999999999,18.205333333333336,69.70533333333333,330.31,30.0
31794,2.66456,41.8632,140,143,2014,293,2014-10-20,95,Senescencia / caída de hojas,CC BY-NC 4.0,17.211666666666666,23.247333333333337,12.484666666666667,62.610000000000014,13.147333333333334,74.076,216.35,30.0
31794,2.66456,41.8632,140,143,2015,110,2015-04-20,11,Brotación / desarrollo foliar,CC BY-NC 4.0,10.690333333333331,17.697000000000003,4.697333333333335,39.4,19.227666666666664,68.56199999999998,48.36999999999999,30.0
31794,2.66456,41.8632,140,143,2015,236,2015-08-24,85,Envero / maduración,CC BY-NC 4.0,22.386,28.67833333333333,16.799333333333333,65.29,21.07233333333333,67.39633333333333,371.58,30.0
31794,2.66456,41.8632,140,143,2015,266,2015-09-23,91,Cosecha / post-cosecha,CC BY-NC 4.0,18.997666666666667,25.317,13.760999999999996,25.200000000000003,17.89,68.71333333333332,269.93,30.0
31794,2.66456,41.8632,140,143,2015,297,2015-10-24,95,Senescencia / caída de hojas,CC BY-NC 4.0,14.489666666666668,20.377333333333336,9.824333333333334,63.39,11.301666666666666,73.95633333333333,135.51000000000002,30.0
31794,2.66456,41.8632,140,143,2016,90,2016-03-30,11,Brotación / desarrollo foliar,CC BY-NC 4.0,7.726000000000001,14.547666666666666,2.429,29.97,15.058666666666666,67.44266666666667,9.8,30.0
31794,2.66456,41.8632,140,143,2016,231,2016-08-18,85,Envero / maduración,CC BY-NC 4.0,23.535999999999994,31.040000000000003,16.502,18.69,24.437666666666665,54.84566666666665,406.0800000000001,30.0
31794,2.66456,41.8632,140,143,2016,266,2016-09-22,91,Cosecha / post-cosecha,CC BY-NC 4.0,21.444333333333336,28.468,15.432999999999998,24.96,18.976666666666667,58.464000000000006,343.33000000000004,30.0
31794,2.66456,41.8632,140,143,2016,359,2016-12-24,95,Senescencia / caída de hojas,CC BY-NC 4.0,7.269,12.58866666666667,3.316666666666667,46.21,6.641,80.99666666666668,0.3000000000000007,30.0
31794,2.66456,41.8632,140,143,2017,79,2017-03-20,11,Brotación / desarrollo foliar,CC BY-NC 4.0,10.220666666666666,17.733333333333334,4.540000000000001,23.74,14.932666666666668,67.656,34.84,30.0
31794,2.66456,41.8632,140,143,2017,226,2017-08-14,85,Envero / maduración,CC BY-NC 4.0,23.235666666666663,30.17066666666667,16.756333333333334,44.010000000000005,23.907333333333327,60.64,397.07,30.0
31794,2.66456,41.8632,140,143,2017,255,2017-09-12,91,Cosecha / post-cosecha,CC BY-NC 4.0,21.353,27.745999999999995,15.729333333333331,29.26,19.189666666666668,64.39266666666668,340.59000000000003,30.0
31794,2.66456,41.8632,140,143,2017,346,2017-12-12,95,Senescencia / caída de hojas,CC BY-NC 4.0,5.984666666666667,12.348,1.3299999999999998,10.28,7.671666666666666,66.24533333333333,2.140000000000001,30.0
31794,2.66456,41.8632,140,143,2018,87,2018-03-28,11,Brotación / desarrollo foliar,CC BY-NC 4.0,7.134333333333331,13.027333333333331,2.3666666666666667,93.28000000000002,14.251,73.27033333333334,5.629999999999999,30.0
31794,2.66456,41.8632,140,143,2018,230,2018-08-18,85,Envero / maduración,CC BY-NC 4.0,24.102,30.202,18.281333333333333,100.96,23.021666666666665,65.15533333333333,423.0599999999999,30.0
31794,2.66456,41.8632,140,143,2018,326,2018-11-22,95,Senescencia / caída de hojas,CC BY-NC 4.0,9.949000000000002,14.504666666666669,6.307333333333332,181.68,7.623,85.59800000000001,33.42,30.0
31794,2.66456,41.8632,140,143,2019,85,2019-03-26,11,Brotación / desarrollo foliar,CC BY-NC 4.0,9.865333333333332,17.483666666666668,3.701666666666666,6.549999999999999,17.040000000000003,64.17366666666668,24.89,30.0
31794,2.66456,41.8632,140,143,2019,240,2019-08-28,85,Envero / maduración,CC BY-NC 4.0,23.339666666666663,30.00366666666666,17.444000000000003,24.44,22.55233333333333,60.20199999999999,400.19,30.0
31794,2.66456,41.8632,140,143,2019,279,2019-10-06,91,Cosecha / post-cosecha,CC BY-NC 4.0,18.816333333333333,25.27633333333333,13.675333333333333,51.11999999999999,15.958,66.86200000000001,264.49,30.0
31794,2.66456,41.8632,140,143,2019,340,2019-12-06,95,Senescencia / caída de hojas,CC BY-NC 4.0,7.287666666666666,12.909333333333333,3.0403333333333333,112.15,7.537000000000002,78.97066666666665,0.9799999999999986,30.0
31794,2.66456,41.8632,140,143,2020,84,2020-03-24,11,Brotación / desarrollo foliar,CC BY-NC 4.0,9.436333333333332,15.180666666666667,5.002666666666668,55.14000000000001,13.728666666666667,76.66900000000003,14.26,30.0
31794,2.66456,41.8632,140,143,2020,219,2020-08-06,85,Envero / maduración,CC BY-NC 4.0,23.04933333333333,29.255,16.983666666666668,51.19,24.910000000000004,66.431,391.48,30.0
31794,2.66456,41.8632,140,143,2020,272,2020-09-28,91,Cosecha / post-cosecha,CC BY-NC 4.0,18.298,24.42566666666666,13.083666666666668,90.64,17.128,70.14166666666668,248.94,30.0
31794,2.66456,41.8632,140,143,2020,292,2020-10-18,95,Senescencia / caída de hojas,CC BY-NC 4.0,13.603666666666667,19.799,8.472,95.2,14.094333333333331,75.18466666666669,113.3,30.0
31794,2.66456,41.8632,140,143,2021,240,2021-08-28,85,Envero / maduración,CC BY-NC 4.0,23.30333333333333,29.99866666666667,17.426333333333332,20.36,21.02533333333333,63.02733333333333,399.1,30.0
31794,2.66456,41.8632,140,143,2021,281,2021-10-08,91,Cosecha / post-cosecha,CC BY-NC 4.0,18.20833333333333,24.10066666666667,13.437999999999995,74.41000000000001,14.60066666666667,73.91866666666665,246.25000000000003,30.0
31794,2.66456,41.8632,140,143,2021,293,2021-10-20,95,Senescencia / caída de hojas,CC BY-NC 4.0,16.041,22.59233333333333,10.803666666666668,26.000000000000004,13.039666666666664,71.52566666666667,181.23,30.0
31798,2.55446,42.1488,619,646,2015,115,2015-04-25,11,Brotación / desarrollo foliar,CC BY-NC 4.0,11.924333333333331,19.21,5.535333333333335,15.68,19.574666666666666,66.64966666666668,70.21999999999998,30.0
31798,2.55446,42.1488,619,646,2015,208,2015-07-27,85,Envero / maduración,CC BY-NC 4.0,25.91066666666667,32.95666666666667,19.31766666666667,3.850000000000001,25.013,52.353,477.32,30.0
31798,2.55446,42.1488,619,646,2015,232,2015-08-20,91,Cosecha / post-cosecha,CC BY-NC 4.0,22.77233333333333,28.981666666666666,17.135,64.97,20.225,66.444,383.17,30.0
31798,2.55446,42.1488,619,646,2015,264,2015-09-21,95,Senescencia / caída de hojas,CC BY-NC 4.0,19.307333333333336,25.60533333333333,14.101333333333333,27.330000000000005,17.064333333333334,68.64399999999999,279.2200000000001,30.0
31798,2.55446,42.1488,619,646,2016,109,2016-04-18,11,Brotación / desarrollo foliar,CC BY-NC 4.0,11.301999999999998,18.139666666666667,5.645000000000001,39.42999999999999,16.815666666666665,66.20466666666667,46.55,30.0
31798,2.55446,42.1488,619,646,2016,203,2016-07-21,85,Envero / maduración,CC BY-NC 4.0,23.33600000000001,30.18233333333334,16.717,3.81,24.565666666666665,54.294,400.08,30.0
31798,2.55446,42.1488,619,646,2016,217,2016-08-04,91,Cosecha / post-cosecha,CC BY-NC 4.0,23.84933333333333,31.057,16.954666666666665,8.899999999999999,24.150666666666663,54.749333333333325,415.48,30.0
31798,2.55446,42.1488,619,646,2016,231,2016-08-18,95,Senescencia / caída de hojas,CC BY-NC 4.0,23.535999999999994,31.040000000000003,16.502,18.69,22.990666666666662,54.84566666666665,406.0800000000001,30.0
31798,2.55446,42.1488,619,646,2017,96,2017-04-06,11,Brotación / desarrollo foliar,CC BY-NC 4.0,11.233333333333336,18.18533333333333,5.762666666666667,48.540000000000006,16.201333333333334,67.06033333333333,48.49999999999999,30.0
31798,2.55446,42.1488,619,646,2017,194,2017-07-13,85,Envero / maduración,CC BY-NC 4.0,23.768,30.80433333333333,16.842333333333336,42.46000000000001,23.949666666666666,55.888,413.04,30.0
31798,2.55446,42.1488,619,646,2017,240,2017-08-28,91,Cosecha / post-cosecha,CC BY-NC 4.0,23.79433333333333,30.81166666666667,17.48866666666667,26.610000000000003,21.077666666666666,58.955,413.8300000000001,30.0
31798,2.55446,42.1488,619,646,2017,271,2017-09-28,95,Senescencia / caída de hojas,CC BY-NC 4.0,17.149666666666665,23.24,11.983666666666666,57.1,14.865333333333334,72.83666666666666,214.49,30.0
31798,2.55446,42.1488,619,646,2018,109,2018-04-19,11,Brotación / desarrollo foliar,CC BY-NC 4.0,9.346666666666668,15.24033333333333,4.343999999999999,119.07,15.574,73.04866666666666,25.8,30.0
31798,2.55446,42.1488,619,646,2018,197,2018-07-16,85,Envero / maduración,CC BY-NC 4.0,22.72,29.055000000000003,16.515666666666668,34.49,25.261333333333333,62.23333333333334,381.6,30.0
31798,2.55446,42.1488,619,646,2018,253,2018-09-10,91,Cosecha / post-cosecha,CC BY-NC 4.0,21.30666666666667,27.234666666666666,16.287666666666663,84.47,19.188,70.51666666666668,339.2,30.0
31798,2.55446,42.1488,619,646,2018,274,2018-10-01,95,Senescencia / caída de hojas,CC BY-NC 4.0,19.848666666666663,26.13566666666668,14.993,33.31,16.581,72.08933333333334,295.4599999999999,30.0
31798,2.55446,42.1488,619,646,2019,101,2019-04-11,11,Brotación / desarrollo foliar,CC BY-NC 4.0,9.274333333333333,16.141333333333336,3.3966666666666665,42.34,17.079333333333334,65.598,16.310000000000002,30.0
31798,2.55446,42.1488,619,646,2019,210,2019-07-29,85,Envero / maduración,CC BY-NC 4.0,24.89033333333333,31.680666666666664,18.387999999999995,59.08,23.664666666666665,56.51066666666665,446.71,30.0
31798,2.55446,42.1488,619,646,2019,290,2019-10-17,91,Cosecha / post-cosecha,CC BY-NC 4.0,17.777666666666665,24.15733333333333,12.747666666666666,22.680000000000003,13.736,72.65033333333334,233.33,30.0
31798,2.55446,42.1488,619,646,2019,301,2019-10-28,95,Senescencia / caída de hojas,CC BY-NC 4.0,15.862,22.092333333333336,10.810666666666666,94.95,11.788999999999998,75.96300000000001,175.86,30.0
31798,2.55446,42.1488,619,646,2020,104,2020-04-13,11,Brotación / desarrollo foliar,CC BY-NC 4.0,8.737333333333332,14.084,4.062333333333333,97.66,14.37866666666667,79.89733333333334,9.23,30.0
31798,2.55446,42.1488,619,646,2020,276,2020-10-02,95,Senescencia / caída de hojas,CC BY-NC 4.0,17.939,24.140000000000008,12.775,76.61,15.226666666666668,71.30433333333332,238.17000000000004,30.0
31798,2.55446,42.1488,619,646,2021,95,2021-04-05,11,Brotación / desarrollo foliar,CC BY-NC 4.0,9.263666666666667,15.847,3.801,26.36,16.927333333333333,70.16566666666668,22.33,30.0
31798,2.55446,42.1488,619,646,2021,245,2021-09-02,91,Cosecha / post-cosecha,CC BY-NC 4.0,23.08333333333333,29.861666666666668,17.254,23.14,20.03333333333333,63.56000000000001,392.5,30.0
31798,2.55446,42.1488,619,646,2021,256,2021-09-13,95,Senescencia / caída de hojas,CC BY-NC 4.0,21.956,28.423333333333336,16.555333333333337,41.62,18.287,69.13799999999999,358.67999999999995,30.0
31822,1.69845,41.3321,203,193,2013,98,2013-04-08,11,Brotación / desarrollo foliar,CC BY-NC 4.0,10.178666666666668,15.424333333333331,5.3886666666666665,44.46,16.401999999999997,72.54299999999998,28.69,30.0
31822,1.69845,41.3321,203,193,2013,233,2013-08-21,85,Envero / maduración,CC BY-NC 4.0,25.35766666666667,30.65833333333333,20.702666666666666,8.74,24.84166666666665,62.83866666666667,460.73,30.0
31822,1.69845,41.3321,203,193,2013,297,2013-10-24,91,Cosecha / post-cosecha,CC BY-NC 4.0,19.51533333333333,24.349333333333337,15.901333333333334,26.59,13.571666666666664,75.039,285.46,30.0
31822,1.69845,41.3321,203,193,2013,314,2013-11-10,95,Senescencia / caída de hojas,CC BY-NC 4.0,17.337333333333337,22.663666666666668,13.601666666666665,2.76,11.253333333333332,71.192,220.12,30.0
31822,1.69845,41.3321,203,193,2014,95,2014-04-05,11,Brotación / desarrollo foliar,CC BY-NC 4.0,11.891333333333332,17.768000000000004,7.073666666666665,29.36,16.319666666666667,66.242,62.02999999999999,30.0
31822,1.69845,41.3321,203,193,2014,234,2014-08-22,85,Envero / maduración,CC BY-NC 4.0,23.807,29.02,19.506,53.6,21.953666666666667,66.433,414.2099999999999,30.0
31822,1.69845,41.3321,203,193,2014,291,2014-10-18,91,Cosecha / post-cosecha,CC BY-NC 4.0,19.759666666666664,24.40933333333333,16.154,73.19,13.380333333333336,75.09566666666667,292.79,30.0
31822,1.69845,41.3321,203,193,2014,311,2014-11-07,95,Senescencia / caída de hojas,CC BY-NC 4.0,17.572333333333336,23.001666666666665,13.569666666666665,15.15,11.746333333333334,71.03233333333333,227.17,30.0
31822,1.69845,41.3321,203,193,2015,102,2015-04-12,11,Brotación / desarrollo foliar,CC BY-NC 4.0,11.459333333333335,16.995333333333335,6.884,49.7,17.967666666666666,70.98866666666666,54.47,30.0
31822,1.69845,41.3321,203,193,2015,224,2015-08-12,85,Envero / maduración,CC BY-NC 4.0,26.16033333333333,31.579,21.48733333333333,29.21,24.041,64.291,484.8100000000001,30.0
31822,1.69845,41.3321,203,193,2015,280,2015-10-07,91,Cosecha / post-cosecha,CC BY-NC 4.0,19.42,24.29,15.779666666666664,69.94999999999999,15.466666666666669,71.64166666666667,282.5999999999999,30.0
31822,1.69845,41.3321,203,193,2015,300,2015-10-27,95,Senescencia / caída de hojas,CC BY-NC 4.0,16.63633333333333,20.918,13.347333333333331,65.89999999999999,11.502,76.86766666666668,199.09000000000003,30.0
31822,1.69845,41.3321,203,193,2016,95,2016-04-04,11,Brotación / desarrollo foliar,CC BY-NC 4.0,10.223333333333333,15.942000000000002,5.674333333333334,44.24,15.364666666666666,69.71433333333334,35.43,30.0
31822,1.69845,41.3321,203,193,2016,228,2016-08-15,85,Envero / maduración,CC BY-NC 4.0,25.003666666666668,30.918000000000003,19.92866666666667,16.280000000000005,26.354666666666663,59.80566666666666,450.11,30.0
31822,1.69845,41.3321,203,193,2016,293,2016-10-19,91,Cosecha / post-cosecha,CC BY-NC 4.0,18.537,22.871333333333336,15.325333333333331,84.73,12.932333333333336,74.538,256.11,30.0
31822,1.69845,41.3321,203,193,2016,304,2016-10-30,95,Senescencia / caída de hojas,CC BY-NC 4.0,17.39333333333333,21.743666666666662,14.343666666666667,80.45000000000002,10.64766666666667,78.26300000000002,221.8,30.0
31822,1.69845,41.3321,203,193,2017,87,2017-03-28,11,Brotación / desarrollo foliar,CC BY-NC 4.0,12.15,18.19233333333333,7.471,72.74000000000001,15.969,69.28166666666668,71.65,30.0
31822,1.69845,41.3321,203,193,2017,214,2017-08-02,85,Envero / maduración,CC BY-NC 4.0,25.34733333333334,30.842666666666663,20.51833333333333,21.49,25.348,63.18566666666667,460.4199999999999,30.0
31822,1.69845,41.3321,203,193,2017,285,2017-10-12,91,Cosecha / post-cosecha,CC BY-NC 4.0,19.225666666666665,24.26666666666667,15.528666666666664,35.05,15.50333333333333,74.26233333333334,276.77,30.0
31822,1.69845,41.3321,203,193,2017,308,2017-11-04,95,Senescencia / caída de hojas,CC BY-NC 4.0,17.63666666666667,22.644,14.105333333333332,70.97999999999999,12.524333333333336,74.85466666666667,229.1,30.0
31822,1.69845,41.3321,203,193,2018,97,2018-04-07,11,Brotación / desarrollo foliar,CC BY-NC 4.0,10.354666666666663,16.197333333333333,5.415333333333334,55.77,16.85033333333333,69.85433333333332,36.29,30.0
31822,1.69845,41.3321,203,193,2018,225,2018-08-13,85,Envero / maduración,CC BY-NC 4.0,26.02833333333333,31.004,21.70433333333333,55.21999999999999,24.219999999999995,65.78566666666667,480.85,30.0
31822,1.69845,41.3321,203,193,2018,316,2018-11-12,91,Cosecha / post-cosecha,CC BY-NC 4.0,14.038333333333334,18.652666666666665,10.307,174.18,9.538333333333332,78.20100000000001,126.77,30.0
31822,1.69845,41.3321,203,193,2018,322,2018-11-18,95,Senescencia / caída de hojas,CC BY-NC 4.0,13.249666666666666,17.845333333333333,9.578000000000005,162.04,8.739333333333333,79.55799999999999,103.11,30.0
31822,1.69845,41.3321,203,193,2019,101,2019-04-11,11,Brotación / desarrollo foliar,CC BY-NC 4.0,11.487666666666666,17.58766666666667,6.309333333333333,28.39,19.05633333333333,66.05,47.620000000000005,30.0
31822,1.69845,41.3321,203,193,2019,236,2019-08-24,85,Envero / maduración,CC BY-NC 4.0,25.191666666666663,30.566333333333333,20.637999999999995,59.86,23.56033333333333,63.93866666666667,455.75,30.0
31822,1.69845,41.3321,203,193,2019,292,2019-10-19,91,Cosecha / post-cosecha,CC BY-NC 4.0,19.709,24.95633333333333,15.97,20.74,14.776,74.62933333333334,291.27000000000004,30.0
31822,1.69845,41.3321,203,193,2019,315,2019-11-11,95,Senescencia / caída de hojas,CC BY-NC 4.0,15.0,20.024,11.070333333333334,102.37,10.327,75.65833333333333,154.53,30.0
31822,1.69845,41.3321,203,193,2020,73,2020-03-13,11,Brotación / desarrollo foliar,CC BY-NC 4.0,11.343333333333335,16.997666666666667,6.944,13.669999999999998,13.844333333333337,74.481,43.510000000000005,30.0
31822,1.69845,41.3321,203,193,2020,225,2020-08-12,85,Envero / maduración,CC BY-NC 4.0,25.363333333333333,30.43933333333334,21.115666666666662,39.0,25.648666666666664,66.78133333333334,460.9,30.0
31822,1.69845,41.3321,203,193,2020,286,2020-10-12,91,Cosecha / post-cosecha,CC BY-NC 4.0,18.64,23.90733333333333,14.190333333333337,67.75999999999999,15.349666666666668,70.52333333333333,259.20000000000005,30.0
31822,1.69845,41.3321,203,193,2020,294,2020-10-20,95,Senescencia / caída de hojas,CC BY-NC 4.0,16.107,21.372,11.546,61.46999999999999,14.405666666666669,70.568,183.21000000000004,30.0
31822,1.69845,41.3321,203,193,2021,80,2021-03-21,11,Brotación / desarrollo foliar,CC BY-NC 4.0,10.360999999999995,14.905666666666669,6.617999999999999,27.010000000000005,12.957333333333336,78.346,20.82,30.0
31822,1.69845,41.3321,203,193,2021,228,2021-08-16,85,Envero / maduración,CC BY-NC 4.0,25.18,30.592333333333336,20.613000000000003,15.409999999999998,23.72000000000001,63.46933333333333,455.4,30.0
31822,1.69845,41.3321,203,193,2021,298,2021-10-25,91,Cosecha / post-cosecha,CC BY-NC 4.0,18.106,22.892666666666667,14.538333333333334,28.41,13.6,73.27700000000002,243.18,30.0
31822,1.69845,41.3321,203,193,2021,312,2021-11-08,95,Senescencia / caída de hojas,CC BY-NC 4.0,15.394333333333334,20.53433333333333,11.572,19.94,11.76533333333333,72.29033333333334,162.21999999999997,30.0
